customer_code;trade_name;address;city;state
PREV20260331190951-0001;Cliente 1;Rua 1;Cuiaba;MT
PREV20260331190951-0002;Cliente 2;Rua 2;Cuiaba;MT
PREV20260331190951-0003;Cliente 3;Rua 3;Cuiaba;MT
PREV20260331190951-0004;Cliente 4;Rua 4;Cuiaba;MT
PREV20260331190951-0005;Cliente 5;Rua 5;Cuiaba;MT
PREV20260331190951-0006;Cliente 6;Rua 6;Cuiaba;MT
PREV20260331190951-0007;Cliente 7;Rua 7;Cuiaba;MT
PREV20260331190951-0008;Cliente 8;Rua 8;Cuiaba;MT
PREV20260331190951-0009;Cliente 9;Rua 9;Cuiaba;MT
PREV20260331190951-0010;Cliente 10;Rua 10;Cuiaba;MT
PREV20260331190951-0011;Cliente 11;Rua 11;Cuiaba;MT
PREV20260331190951-0012;Cliente 12;Rua 12;Cuiaba;MT
PREV20260331190951-0013;Cliente 13;Rua 13;Cuiaba;MT
PREV20260331190951-0014;Cliente 14;Rua 14;Cuiaba;MT
PREV20260331190951-0015;Cliente 15;Rua 15;Cuiaba;MT
PREV20260331190951-0016;Cliente 16;Rua 16;Cuiaba;MT
PREV20260331190951-0017;Cliente 17;Rua 17;Cuiaba;MT
PREV20260331190951-0018;Cliente 18;Rua 18;Cuiaba;MT
PREV20260331190951-0019;Cliente 19;Rua 19;Cuiaba;MT
PREV20260331190951-0020;Cliente 20;Rua 20;Cuiaba;MT
PREV20260331190951-0021;Cliente 21;Rua 21;Cuiaba;MT
PREV20260331190951-0022;Cliente 22;Rua 22;Cuiaba;MT
PREV20260331190951-0023;Cliente 23;Rua 23;Cuiaba;MT
PREV20260331190951-0024;Cliente 24;Rua 24;Cuiaba;MT
PREV20260331190951-0025;Cliente 25;Rua 25;Cuiaba;MT
PREV20260331190951-0026;Cliente 26;Rua 26;Cuiaba;MT
PREV20260331190951-0027;Cliente 27;Rua 27;Cuiaba;MT
PREV20260331190951-0028;Cliente 28;Rua 28;Cuiaba;MT
PREV20260331190951-0029;Cliente 29;Rua 29;Cuiaba;MT
PREV20260331190951-0030;Cliente 30;Rua 30;Cuiaba;MT
PREV20260331190951-0031;Cliente 31;Rua 31;Cuiaba;MT
PREV20260331190951-0032;Cliente 32;Rua 32;Cuiaba;MT
PREV20260331190951-0033;Cliente 33;Rua 33;Cuiaba;MT
PREV20260331190951-0034;Cliente 34;Rua 34;Cuiaba;MT
PREV20260331190951-0035;Cliente 35;Rua 35;Cuiaba;MT
PREV20260331190951-0036;Cliente 36;Rua 36;Cuiaba;MT
PREV20260331190951-0037;Cliente 37;Rua 37;Cuiaba;MT
PREV20260331190951-0038;Cliente 38;Rua 38;Cuiaba;MT
PREV20260331190951-0039;Cliente 39;Rua 39;Cuiaba;MT
PREV20260331190951-0040;Cliente 40;Rua 40;Cuiaba;MT
PREV20260331190951-0041;Cliente 41;Rua 41;Cuiaba;MT
PREV20260331190951-0042;Cliente 42;Rua 42;Cuiaba;MT
PREV20260331190951-0043;Cliente 43;Rua 43;Cuiaba;MT
PREV20260331190951-0044;Cliente 44;Rua 44;Cuiaba;MT
PREV20260331190951-0045;Cliente 45;Rua 45;Cuiaba;MT
PREV20260331190951-0046;Cliente 46;Rua 46;Cuiaba;MT
PREV20260331190951-0047;Cliente 47;Rua 47;Cuiaba;MT
PREV20260331190951-0048;Cliente 48;Rua 48;Cuiaba;MT
PREV20260331190951-0049;Cliente 49;Rua 49;Cuiaba;MT
PREV20260331190951-0050;Cliente 50;Rua 50;Cuiaba;MT
PREV20260331190951-0051;Cliente 51;Rua 51;Cuiaba;MT
PREV20260331190951-0052;Cliente 52;Rua 52;Cuiaba;MT
PREV20260331190951-0053;Cliente 53;Rua 53;Cuiaba;MT
PREV20260331190951-0054;Cliente 54;Rua 54;Cuiaba;MT
PREV20260331190951-0055;Cliente 55;Rua 55;Cuiaba;MT
PREV20260331190951-0056;Cliente 56;Rua 56;Cuiaba;MT
PREV20260331190951-0057;Cliente 57;Rua 57;Cuiaba;MT
PREV20260331190951-0058;Cliente 58;Rua 58;Cuiaba;MT
PREV20260331190951-0059;Cliente 59;Rua 59;Cuiaba;MT
PREV20260331190951-0060;Cliente 60;Rua 60;Cuiaba;MT
PREV20260331190951-0061;Cliente 61;Rua 61;Cuiaba;MT
PREV20260331190951-0062;Cliente 62;Rua 62;Cuiaba;MT
PREV20260331190951-0063;Cliente 63;Rua 63;Cuiaba;MT
PREV20260331190951-0064;Cliente 64;Rua 64;Cuiaba;MT
PREV20260331190951-0065;Cliente 65;Rua 65;Cuiaba;MT
PREV20260331190951-0066;Cliente 66;Rua 66;Cuiaba;MT
PREV20260331190951-0067;Cliente 67;Rua 67;Cuiaba;MT
PREV20260331190951-0068;Cliente 68;Rua 68;Cuiaba;MT
PREV20260331190951-0069;Cliente 69;Rua 69;Cuiaba;MT
PREV20260331190951-0070;Cliente 70;Rua 70;Cuiaba;MT
PREV20260331190951-0071;Cliente 71;Rua 71;Cuiaba;MT
PREV20260331190951-0072;Cliente 72;Rua 72;Cuiaba;MT
PREV20260331190951-0073;Cliente 73;Rua 73;Cuiaba;MT
PREV20260331190951-0074;Cliente 74;Rua 74;Cuiaba;MT
PREV20260331190951-0075;Cliente 75;Rua 75;Cuiaba;MT
PREV20260331190951-0076;Cliente 76;Rua 76;Cuiaba;MT
PREV20260331190951-0077;Cliente 77;Rua 77;Cuiaba;MT
PREV20260331190951-0078;Cliente 78;Rua 78;Cuiaba;MT
PREV20260331190951-0079;Cliente 79;Rua 79;Cuiaba;MT
PREV20260331190951-0080;Cliente 80;Rua 80;Cuiaba;MT
PREV20260331190951-0081;Cliente 81;Rua 81;Cuiaba;MT
PREV20260331190951-0082;Cliente 82;Rua 82;Cuiaba;MT
PREV20260331190951-0083;Cliente 83;Rua 83;Cuiaba;MT
PREV20260331190951-0084;Cliente 84;Rua 84;Cuiaba;MT
PREV20260331190951-0085;Cliente 85;Rua 85;Cuiaba;MT
PREV20260331190951-0086;Cliente 86;Rua 86;Cuiaba;MT
PREV20260331190951-0087;Cliente 87;Rua 87;Cuiaba;MT
PREV20260331190951-0088;Cliente 88;Rua 88;Cuiaba;MT
PREV20260331190951-0089;Cliente 89;Rua 89;Cuiaba;MT
PREV20260331190951-0090;Cliente 90;Rua 90;Cuiaba;MT
PREV20260331190951-0091;Cliente 91;Rua 91;Cuiaba;MT
PREV20260331190951-0092;Cliente 92;Rua 92;Cuiaba;MT
PREV20260331190951-0093;Cliente 93;Rua 93;Cuiaba;MT
PREV20260331190951-0094;Cliente 94;Rua 94;Cuiaba;MT
PREV20260331190951-0095;Cliente 95;Rua 95;Cuiaba;MT
PREV20260331190951-0096;Cliente 96;Rua 96;Cuiaba;MT
PREV20260331190951-0097;Cliente 97;Rua 97;Cuiaba;MT
PREV20260331190951-0098;Cliente 98;Rua 98;Cuiaba;MT
PREV20260331190951-0099;Cliente 99;Rua 99;Cuiaba;MT
PREV20260331190951-0100;Cliente 100;Rua 100;Cuiaba;MT
PREV20260331190951-0101;Cliente 101;Rua 101;Cuiaba;MT
PREV20260331190951-0102;Cliente 102;Rua 102;Cuiaba;MT
PREV20260331190951-0103;Cliente 103;Rua 103;Cuiaba;MT
PREV20260331190951-0104;Cliente 104;Rua 104;Cuiaba;MT
PREV20260331190951-0105;Cliente 105;Rua 105;Cuiaba;MT
PREV20260331190951-0106;Cliente 106;Rua 106;Cuiaba;MT
PREV20260331190951-0107;Cliente 107;Rua 107;Cuiaba;MT
PREV20260331190951-0108;Cliente 108;Rua 108;Cuiaba;MT
PREV20260331190951-0109;Cliente 109;Rua 109;Cuiaba;MT
PREV20260331190951-0110;Cliente 110;Rua 110;Cuiaba;MT
PREV20260331190951-0111;Cliente 111;Rua 111;Cuiaba;MT
PREV20260331190951-0112;Cliente 112;Rua 112;Cuiaba;MT
PREV20260331190951-0113;Cliente 113;Rua 113;Cuiaba;MT
PREV20260331190951-0114;Cliente 114;Rua 114;Cuiaba;MT
PREV20260331190951-0115;Cliente 115;Rua 115;Cuiaba;MT
PREV20260331190951-0116;Cliente 116;Rua 116;Cuiaba;MT
PREV20260331190951-0117;Cliente 117;Rua 117;Cuiaba;MT
PREV20260331190951-0118;Cliente 118;Rua 118;Cuiaba;MT
PREV20260331190951-0119;Cliente 119;Rua 119;Cuiaba;MT
PREV20260331190951-0120;Cliente 120;Rua 120;Cuiaba;MT
PREV20260331190951-0121;Cliente 121;Rua 121;Cuiaba;MT
PREV20260331190951-0122;Cliente 122;Rua 122;Cuiaba;MT
PREV20260331190951-0123;Cliente 123;Rua 123;Cuiaba;MT
PREV20260331190951-0124;Cliente 124;Rua 124;Cuiaba;MT
PREV20260331190951-0125;Cliente 125;Rua 125;Cuiaba;MT
PREV20260331190951-0126;Cliente 126;Rua 126;Cuiaba;MT
PREV20260331190951-0127;Cliente 127;Rua 127;Cuiaba;MT
PREV20260331190951-0128;Cliente 128;Rua 128;Cuiaba;MT
PREV20260331190951-0129;Cliente 129;Rua 129;Cuiaba;MT
PREV20260331190951-0130;Cliente 130;Rua 130;Cuiaba;MT
PREV20260331190951-0131;Cliente 131;Rua 131;Cuiaba;MT
PREV20260331190951-0132;Cliente 132;Rua 132;Cuiaba;MT
PREV20260331190951-0133;Cliente 133;Rua 133;Cuiaba;MT
PREV20260331190951-0134;Cliente 134;Rua 134;Cuiaba;MT
PREV20260331190951-0135;Cliente 135;Rua 135;Cuiaba;MT
PREV20260331190951-0136;Cliente 136;Rua 136;Cuiaba;MT
PREV20260331190951-0137;Cliente 137;Rua 137;Cuiaba;MT
PREV20260331190951-0138;Cliente 138;Rua 138;Cuiaba;MT
PREV20260331190951-0139;Cliente 139;Rua 139;Cuiaba;MT
PREV20260331190951-0140;Cliente 140;Rua 140;Cuiaba;MT
PREV20260331190951-0141;Cliente 141;Rua 141;Cuiaba;MT
PREV20260331190951-0142;Cliente 142;Rua 142;Cuiaba;MT
PREV20260331190951-0143;Cliente 143;Rua 143;Cuiaba;MT
PREV20260331190951-0144;Cliente 144;Rua 144;Cuiaba;MT
PREV20260331190951-0145;Cliente 145;Rua 145;Cuiaba;MT
PREV20260331190951-0146;Cliente 146;Rua 146;Cuiaba;MT
PREV20260331190951-0147;Cliente 147;Rua 147;Cuiaba;MT
PREV20260331190951-0148;Cliente 148;Rua 148;Cuiaba;MT
PREV20260331190951-0149;Cliente 149;Rua 149;Cuiaba;MT
PREV20260331190951-0150;Cliente 150;Rua 150;Cuiaba;MT
PREV20260331190951-0151;Cliente 151;Rua 151;Cuiaba;MT
PREV20260331190951-0152;Cliente 152;Rua 152;Cuiaba;MT
PREV20260331190951-0153;Cliente 153;Rua 153;Cuiaba;MT
PREV20260331190951-0154;Cliente 154;Rua 154;Cuiaba;MT
PREV20260331190951-0155;Cliente 155;Rua 155;Cuiaba;MT
PREV20260331190951-0156;Cliente 156;Rua 156;Cuiaba;MT
PREV20260331190951-0157;Cliente 157;Rua 157;Cuiaba;MT
PREV20260331190951-0158;Cliente 158;Rua 158;Cuiaba;MT
PREV20260331190951-0159;Cliente 159;Rua 159;Cuiaba;MT
PREV20260331190951-0160;Cliente 160;Rua 160;Cuiaba;MT
PREV20260331190951-0161;Cliente 161;Rua 161;Cuiaba;MT
PREV20260331190951-0162;Cliente 162;Rua 162;Cuiaba;MT
PREV20260331190951-0163;Cliente 163;Rua 163;Cuiaba;MT
PREV20260331190951-0164;Cliente 164;Rua 164;Cuiaba;MT
PREV20260331190951-0165;Cliente 165;Rua 165;Cuiaba;MT
PREV20260331190951-0166;Cliente 166;Rua 166;Cuiaba;MT
PREV20260331190951-0167;Cliente 167;Rua 167;Cuiaba;MT
PREV20260331190951-0168;Cliente 168;Rua 168;Cuiaba;MT
PREV20260331190951-0169;Cliente 169;Rua 169;Cuiaba;MT
PREV20260331190951-0170;Cliente 170;Rua 170;Cuiaba;MT
PREV20260331190951-0171;Cliente 171;Rua 171;Cuiaba;MT
PREV20260331190951-0172;Cliente 172;Rua 172;Cuiaba;MT
PREV20260331190951-0173;Cliente 173;Rua 173;Cuiaba;MT
PREV20260331190951-0174;Cliente 174;Rua 174;Cuiaba;MT
PREV20260331190951-0175;Cliente 175;Rua 175;Cuiaba;MT
PREV20260331190951-0176;Cliente 176;Rua 176;Cuiaba;MT
PREV20260331190951-0177;Cliente 177;Rua 177;Cuiaba;MT
PREV20260331190951-0178;Cliente 178;Rua 178;Cuiaba;MT
PREV20260331190951-0179;Cliente 179;Rua 179;Cuiaba;MT
PREV20260331190951-0180;Cliente 180;Rua 180;Cuiaba;MT
PREV20260331190951-0181;Cliente 181;Rua 181;Cuiaba;MT
PREV20260331190951-0182;Cliente 182;Rua 182;Cuiaba;MT
PREV20260331190951-0183;Cliente 183;Rua 183;Cuiaba;MT
PREV20260331190951-0184;Cliente 184;Rua 184;Cuiaba;MT
PREV20260331190951-0185;Cliente 185;Rua 185;Cuiaba;MT
PREV20260331190951-0186;Cliente 186;Rua 186;Cuiaba;MT
PREV20260331190951-0187;Cliente 187;Rua 187;Cuiaba;MT
PREV20260331190951-0188;Cliente 188;Rua 188;Cuiaba;MT
PREV20260331190951-0189;Cliente 189;Rua 189;Cuiaba;MT
PREV20260331190951-0190;Cliente 190;Rua 190;Cuiaba;MT
PREV20260331190951-0191;Cliente 191;Rua 191;Cuiaba;MT
PREV20260331190951-0192;Cliente 192;Rua 192;Cuiaba;MT
PREV20260331190951-0193;Cliente 193;Rua 193;Cuiaba;MT
PREV20260331190951-0194;Cliente 194;Rua 194;Cuiaba;MT
PREV20260331190951-0195;Cliente 195;Rua 195;Cuiaba;MT
PREV20260331190951-0196;Cliente 196;Rua 196;Cuiaba;MT
PREV20260331190951-0197;Cliente 197;Rua 197;Cuiaba;MT
PREV20260331190951-0198;Cliente 198;Rua 198;Cuiaba;MT
PREV20260331190951-0199;Cliente 199;Rua 199;Cuiaba;MT
PREV20260331190951-0200;Cliente 200;Rua 200;Cuiaba;MT
PREV20260331190951-0201;Cliente 201;Rua 201;Cuiaba;MT
PREV20260331190951-0202;Cliente 202;Rua 202;Cuiaba;MT
PREV20260331190951-0203;Cliente 203;Rua 203;Cuiaba;MT
PREV20260331190951-0204;Cliente 204;Rua 204;Cuiaba;MT
PREV20260331190951-0205;Cliente 205;Rua 205;Cuiaba;MT
PREV20260331190951-0206;Cliente 206;Rua 206;Cuiaba;MT
PREV20260331190951-0207;Cliente 207;Rua 207;Cuiaba;MT
PREV20260331190951-0208;Cliente 208;Rua 208;Cuiaba;MT
PREV20260331190951-0209;Cliente 209;Rua 209;Cuiaba;MT
PREV20260331190951-0210;Cliente 210;Rua 210;Cuiaba;MT
PREV20260331190951-0211;Cliente 211;Rua 211;Cuiaba;MT
PREV20260331190951-0212;Cliente 212;Rua 212;Cuiaba;MT
PREV20260331190951-0213;Cliente 213;Rua 213;Cuiaba;MT
PREV20260331190951-0214;Cliente 214;Rua 214;Cuiaba;MT
PREV20260331190951-0215;Cliente 215;Rua 215;Cuiaba;MT
PREV20260331190951-0216;Cliente 216;Rua 216;Cuiaba;MT
PREV20260331190951-0217;Cliente 217;Rua 217;Cuiaba;MT
PREV20260331190951-0218;Cliente 218;Rua 218;Cuiaba;MT
PREV20260331190951-0219;Cliente 219;Rua 219;Cuiaba;MT
PREV20260331190951-0220;Cliente 220;Rua 220;Cuiaba;MT
PREV20260331190951-0221;Cliente 221;Rua 221;Cuiaba;MT
PREV20260331190951-0222;Cliente 222;Rua 222;Cuiaba;MT
PREV20260331190951-0223;Cliente 223;Rua 223;Cuiaba;MT
PREV20260331190951-0224;Cliente 224;Rua 224;Cuiaba;MT
PREV20260331190951-0225;Cliente 225;Rua 225;Cuiaba;MT
PREV20260331190951-0226;Cliente 226;Rua 226;Cuiaba;MT
PREV20260331190951-0227;Cliente 227;Rua 227;Cuiaba;MT
PREV20260331190951-0228;Cliente 228;Rua 228;Cuiaba;MT
PREV20260331190951-0229;Cliente 229;Rua 229;Cuiaba;MT
PREV20260331190951-0230;Cliente 230;Rua 230;Cuiaba;MT
PREV20260331190951-0231;Cliente 231;Rua 231;Cuiaba;MT
PREV20260331190951-0232;Cliente 232;Rua 232;Cuiaba;MT
PREV20260331190951-0233;Cliente 233;Rua 233;Cuiaba;MT
PREV20260331190951-0234;Cliente 234;Rua 234;Cuiaba;MT
PREV20260331190951-0235;Cliente 235;Rua 235;Cuiaba;MT
PREV20260331190951-0236;Cliente 236;Rua 236;Cuiaba;MT
PREV20260331190951-0237;Cliente 237;Rua 237;Cuiaba;MT
PREV20260331190951-0238;Cliente 238;Rua 238;Cuiaba;MT
PREV20260331190951-0239;Cliente 239;Rua 239;Cuiaba;MT
PREV20260331190951-0240;Cliente 240;Rua 240;Cuiaba;MT
PREV20260331190951-0241;Cliente 241;Rua 241;Cuiaba;MT
PREV20260331190951-0242;Cliente 242;Rua 242;Cuiaba;MT
PREV20260331190951-0243;Cliente 243;Rua 243;Cuiaba;MT
PREV20260331190951-0244;Cliente 244;Rua 244;Cuiaba;MT
PREV20260331190951-0245;Cliente 245;Rua 245;Cuiaba;MT
PREV20260331190951-0246;Cliente 246;Rua 246;Cuiaba;MT
PREV20260331190951-0247;Cliente 247;Rua 247;Cuiaba;MT
PREV20260331190951-0248;Cliente 248;Rua 248;Cuiaba;MT
PREV20260331190951-0249;Cliente 249;Rua 249;Cuiaba;MT
PREV20260331190951-0250;Cliente 250;Rua 250;Cuiaba;MT
PREV20260331190951-0251;Cliente 251;Rua 251;Cuiaba;MT
PREV20260331190951-0252;Cliente 252;Rua 252;Cuiaba;MT
PREV20260331190951-0253;Cliente 253;Rua 253;Cuiaba;MT
PREV20260331190951-0254;Cliente 254;Rua 254;Cuiaba;MT
PREV20260331190951-0255;Cliente 255;Rua 255;Cuiaba;MT
PREV20260331190951-0256;Cliente 256;Rua 256;Cuiaba;MT
PREV20260331190951-0257;Cliente 257;Rua 257;Cuiaba;MT
PREV20260331190951-0258;Cliente 258;Rua 258;Cuiaba;MT
PREV20260331190951-0259;Cliente 259;Rua 259;Cuiaba;MT
PREV20260331190951-0260;Cliente 260;Rua 260;Cuiaba;MT
PREV20260331190951-0261;Cliente 261;Rua 261;Cuiaba;MT
PREV20260331190951-0262;Cliente 262;Rua 262;Cuiaba;MT
PREV20260331190951-0263;Cliente 263;Rua 263;Cuiaba;MT
PREV20260331190951-0264;Cliente 264;Rua 264;Cuiaba;MT
PREV20260331190951-0265;Cliente 265;Rua 265;Cuiaba;MT
PREV20260331190951-0266;Cliente 266;Rua 266;Cuiaba;MT
PREV20260331190951-0267;Cliente 267;Rua 267;Cuiaba;MT
PREV20260331190951-0268;Cliente 268;Rua 268;Cuiaba;MT
PREV20260331190951-0269;Cliente 269;Rua 269;Cuiaba;MT
PREV20260331190951-0270;Cliente 270;Rua 270;Cuiaba;MT
PREV20260331190951-0271;Cliente 271;Rua 271;Cuiaba;MT
PREV20260331190951-0272;Cliente 272;Rua 272;Cuiaba;MT
PREV20260331190951-0273;Cliente 273;Rua 273;Cuiaba;MT
PREV20260331190951-0274;Cliente 274;Rua 274;Cuiaba;MT
PREV20260331190951-0275;Cliente 275;Rua 275;Cuiaba;MT
PREV20260331190951-0276;Cliente 276;Rua 276;Cuiaba;MT
PREV20260331190951-0277;Cliente 277;Rua 277;Cuiaba;MT
PREV20260331190951-0278;Cliente 278;Rua 278;Cuiaba;MT
PREV20260331190951-0279;Cliente 279;Rua 279;Cuiaba;MT
PREV20260331190951-0280;Cliente 280;Rua 280;Cuiaba;MT
PREV20260331190951-0281;Cliente 281;Rua 281;Cuiaba;MT
PREV20260331190951-0282;Cliente 282;Rua 282;Cuiaba;MT
PREV20260331190951-0283;Cliente 283;Rua 283;Cuiaba;MT
PREV20260331190951-0284;Cliente 284;Rua 284;Cuiaba;MT
PREV20260331190951-0285;Cliente 285;Rua 285;Cuiaba;MT
PREV20260331190951-0286;Cliente 286;Rua 286;Cuiaba;MT
PREV20260331190951-0287;Cliente 287;Rua 287;Cuiaba;MT
PREV20260331190951-0288;Cliente 288;Rua 288;Cuiaba;MT
PREV20260331190951-0289;Cliente 289;Rua 289;Cuiaba;MT
PREV20260331190951-0290;Cliente 290;Rua 290;Cuiaba;MT
PREV20260331190951-0291;Cliente 291;Rua 291;Cuiaba;MT
PREV20260331190951-0292;Cliente 292;Rua 292;Cuiaba;MT
PREV20260331190951-0293;Cliente 293;Rua 293;Cuiaba;MT
PREV20260331190951-0294;Cliente 294;Rua 294;Cuiaba;MT
PREV20260331190951-0295;Cliente 295;Rua 295;Cuiaba;MT
PREV20260331190951-0296;Cliente 296;Rua 296;Cuiaba;MT
PREV20260331190951-0297;Cliente 297;Rua 297;Cuiaba;MT
PREV20260331190951-0298;Cliente 298;Rua 298;Cuiaba;MT
PREV20260331190951-0299;Cliente 299;Rua 299;Cuiaba;MT
PREV20260331190951-0300;Cliente 300;Rua 300;Cuiaba;MT
PREV20260331190951-0301;Cliente 301;Rua 301;Cuiaba;MT
PREV20260331190951-0302;Cliente 302;Rua 302;Cuiaba;MT
PREV20260331190951-0303;Cliente 303;Rua 303;Cuiaba;MT
PREV20260331190951-0304;Cliente 304;Rua 304;Cuiaba;MT
PREV20260331190951-0305;Cliente 305;Rua 305;Cuiaba;MT
PREV20260331190951-0306;Cliente 306;Rua 306;Cuiaba;MT
PREV20260331190951-0307;Cliente 307;Rua 307;Cuiaba;MT
PREV20260331190951-0308;Cliente 308;Rua 308;Cuiaba;MT
PREV20260331190951-0309;Cliente 309;Rua 309;Cuiaba;MT
PREV20260331190951-0310;Cliente 310;Rua 310;Cuiaba;MT
PREV20260331190951-0311;Cliente 311;Rua 311;Cuiaba;MT
PREV20260331190951-0312;Cliente 312;Rua 312;Cuiaba;MT
PREV20260331190951-0313;Cliente 313;Rua 313;Cuiaba;MT
PREV20260331190951-0314;Cliente 314;Rua 314;Cuiaba;MT
PREV20260331190951-0315;Cliente 315;Rua 315;Cuiaba;MT
PREV20260331190951-0316;Cliente 316;Rua 316;Cuiaba;MT
PREV20260331190951-0317;Cliente 317;Rua 317;Cuiaba;MT
PREV20260331190951-0318;Cliente 318;Rua 318;Cuiaba;MT
PREV20260331190951-0319;Cliente 319;Rua 319;Cuiaba;MT
PREV20260331190951-0320;Cliente 320;Rua 320;Cuiaba;MT
PREV20260331190951-0321;Cliente 321;Rua 321;Cuiaba;MT
PREV20260331190951-0322;Cliente 322;Rua 322;Cuiaba;MT
PREV20260331190951-0323;Cliente 323;Rua 323;Cuiaba;MT
PREV20260331190951-0324;Cliente 324;Rua 324;Cuiaba;MT
PREV20260331190951-0325;Cliente 325;Rua 325;Cuiaba;MT
PREV20260331190951-0326;Cliente 326;Rua 326;Cuiaba;MT
PREV20260331190951-0327;Cliente 327;Rua 327;Cuiaba;MT
PREV20260331190951-0328;Cliente 328;Rua 328;Cuiaba;MT
PREV20260331190951-0329;Cliente 329;Rua 329;Cuiaba;MT
PREV20260331190951-0330;Cliente 330;Rua 330;Cuiaba;MT
PREV20260331190951-0331;Cliente 331;Rua 331;Cuiaba;MT
PREV20260331190951-0332;Cliente 332;Rua 332;Cuiaba;MT
PREV20260331190951-0333;Cliente 333;Rua 333;Cuiaba;MT
PREV20260331190951-0334;Cliente 334;Rua 334;Cuiaba;MT
PREV20260331190951-0335;Cliente 335;Rua 335;Cuiaba;MT
PREV20260331190951-0336;Cliente 336;Rua 336;Cuiaba;MT
PREV20260331190951-0337;Cliente 337;Rua 337;Cuiaba;MT
PREV20260331190951-0338;Cliente 338;Rua 338;Cuiaba;MT
PREV20260331190951-0339;Cliente 339;Rua 339;Cuiaba;MT
PREV20260331190951-0340;Cliente 340;Rua 340;Cuiaba;MT
PREV20260331190951-0341;Cliente 341;Rua 341;Cuiaba;MT
PREV20260331190951-0342;Cliente 342;Rua 342;Cuiaba;MT
PREV20260331190951-0343;Cliente 343;Rua 343;Cuiaba;MT
PREV20260331190951-0344;Cliente 344;Rua 344;Cuiaba;MT
PREV20260331190951-0345;Cliente 345;Rua 345;Cuiaba;MT
PREV20260331190951-0346;Cliente 346;Rua 346;Cuiaba;MT
PREV20260331190951-0347;Cliente 347;Rua 347;Cuiaba;MT
PREV20260331190951-0348;Cliente 348;Rua 348;Cuiaba;MT
PREV20260331190951-0349;Cliente 349;Rua 349;Cuiaba;MT
PREV20260331190951-0350;Cliente 350;Rua 350;Cuiaba;MT
PREV20260331190951-0351;Cliente 351;Rua 351;Cuiaba;MT
PREV20260331190951-0352;Cliente 352;Rua 352;Cuiaba;MT
PREV20260331190951-0353;Cliente 353;Rua 353;Cuiaba;MT
PREV20260331190951-0354;Cliente 354;Rua 354;Cuiaba;MT
PREV20260331190951-0355;Cliente 355;Rua 355;Cuiaba;MT
PREV20260331190951-0356;Cliente 356;Rua 356;Cuiaba;MT
PREV20260331190951-0357;Cliente 357;Rua 357;Cuiaba;MT
PREV20260331190951-0358;Cliente 358;Rua 358;Cuiaba;MT
PREV20260331190951-0359;Cliente 359;Rua 359;Cuiaba;MT
PREV20260331190951-0360;Cliente 360;Rua 360;Cuiaba;MT
PREV20260331190951-0361;Cliente 361;Rua 361;Cuiaba;MT
PREV20260331190951-0362;Cliente 362;Rua 362;Cuiaba;MT
PREV20260331190951-0363;Cliente 363;Rua 363;Cuiaba;MT
PREV20260331190951-0364;Cliente 364;Rua 364;Cuiaba;MT
PREV20260331190951-0365;Cliente 365;Rua 365;Cuiaba;MT
PREV20260331190951-0366;Cliente 366;Rua 366;Cuiaba;MT
PREV20260331190951-0367;Cliente 367;Rua 367;Cuiaba;MT
PREV20260331190951-0368;Cliente 368;Rua 368;Cuiaba;MT
PREV20260331190951-0369;Cliente 369;Rua 369;Cuiaba;MT
PREV20260331190951-0370;Cliente 370;Rua 370;Cuiaba;MT
PREV20260331190951-0371;Cliente 371;Rua 371;Cuiaba;MT
PREV20260331190951-0372;Cliente 372;Rua 372;Cuiaba;MT
PREV20260331190951-0373;Cliente 373;Rua 373;Cuiaba;MT
PREV20260331190951-0374;Cliente 374;Rua 374;Cuiaba;MT
PREV20260331190951-0375;Cliente 375;Rua 375;Cuiaba;MT
PREV20260331190951-0376;Cliente 376;Rua 376;Cuiaba;MT
PREV20260331190951-0377;Cliente 377;Rua 377;Cuiaba;MT
PREV20260331190951-0378;Cliente 378;Rua 378;Cuiaba;MT
PREV20260331190951-0379;Cliente 379;Rua 379;Cuiaba;MT
PREV20260331190951-0380;Cliente 380;Rua 380;Cuiaba;MT
PREV20260331190951-0381;Cliente 381;Rua 381;Cuiaba;MT
PREV20260331190951-0382;Cliente 382;Rua 382;Cuiaba;MT
PREV20260331190951-0383;Cliente 383;Rua 383;Cuiaba;MT
PREV20260331190951-0384;Cliente 384;Rua 384;Cuiaba;MT
PREV20260331190951-0385;Cliente 385;Rua 385;Cuiaba;MT
PREV20260331190951-0386;Cliente 386;Rua 386;Cuiaba;MT
PREV20260331190951-0387;Cliente 387;Rua 387;Cuiaba;MT
PREV20260331190951-0388;Cliente 388;Rua 388;Cuiaba;MT
PREV20260331190951-0389;Cliente 389;Rua 389;Cuiaba;MT
PREV20260331190951-0390;Cliente 390;Rua 390;Cuiaba;MT
PREV20260331190951-0391;Cliente 391;Rua 391;Cuiaba;MT
PREV20260331190951-0392;Cliente 392;Rua 392;Cuiaba;MT
PREV20260331190951-0393;Cliente 393;Rua 393;Cuiaba;MT
PREV20260331190951-0394;Cliente 394;Rua 394;Cuiaba;MT
PREV20260331190951-0395;Cliente 395;Rua 395;Cuiaba;MT
PREV20260331190951-0396;Cliente 396;Rua 396;Cuiaba;MT
PREV20260331190951-0397;Cliente 397;Rua 397;Cuiaba;MT
PREV20260331190951-0398;Cliente 398;Rua 398;Cuiaba;MT
PREV20260331190951-0399;Cliente 399;Rua 399;Cuiaba;MT
PREV20260331190951-0400;Cliente 400;Rua 400;Cuiaba;MT
PREV20260331190951-0401;Cliente 401;Rua 401;Cuiaba;MT
PREV20260331190951-0402;Cliente 402;Rua 402;Cuiaba;MT
PREV20260331190951-0403;Cliente 403;Rua 403;Cuiaba;MT
PREV20260331190951-0404;Cliente 404;Rua 404;Cuiaba;MT
PREV20260331190951-0405;Cliente 405;Rua 405;Cuiaba;MT
PREV20260331190951-0406;Cliente 406;Rua 406;Cuiaba;MT
PREV20260331190951-0407;Cliente 407;Rua 407;Cuiaba;MT
PREV20260331190951-0408;Cliente 408;Rua 408;Cuiaba;MT
PREV20260331190951-0409;Cliente 409;Rua 409;Cuiaba;MT
PREV20260331190951-0410;Cliente 410;Rua 410;Cuiaba;MT
PREV20260331190951-0411;Cliente 411;Rua 411;Cuiaba;MT
PREV20260331190951-0412;Cliente 412;Rua 412;Cuiaba;MT
PREV20260331190951-0413;Cliente 413;Rua 413;Cuiaba;MT
PREV20260331190951-0414;Cliente 414;Rua 414;Cuiaba;MT
PREV20260331190951-0415;Cliente 415;Rua 415;Cuiaba;MT
PREV20260331190951-0416;Cliente 416;Rua 416;Cuiaba;MT
PREV20260331190951-0417;Cliente 417;Rua 417;Cuiaba;MT
PREV20260331190951-0418;Cliente 418;Rua 418;Cuiaba;MT
PREV20260331190951-0419;Cliente 419;Rua 419;Cuiaba;MT
PREV20260331190951-0420;Cliente 420;Rua 420;Cuiaba;MT
PREV20260331190951-0421;Cliente 421;Rua 421;Cuiaba;MT
PREV20260331190951-0422;Cliente 422;Rua 422;Cuiaba;MT
PREV20260331190951-0423;Cliente 423;Rua 423;Cuiaba;MT
PREV20260331190951-0424;Cliente 424;Rua 424;Cuiaba;MT
PREV20260331190951-0425;Cliente 425;Rua 425;Cuiaba;MT
PREV20260331190951-0426;Cliente 426;Rua 426;Cuiaba;MT
PREV20260331190951-0427;Cliente 427;Rua 427;Cuiaba;MT
PREV20260331190951-0428;Cliente 428;Rua 428;Cuiaba;MT
PREV20260331190951-0429;Cliente 429;Rua 429;Cuiaba;MT
PREV20260331190951-0430;Cliente 430;Rua 430;Cuiaba;MT
PREV20260331190951-0431;Cliente 431;Rua 431;Cuiaba;MT
PREV20260331190951-0432;Cliente 432;Rua 432;Cuiaba;MT
PREV20260331190951-0433;Cliente 433;Rua 433;Cuiaba;MT
PREV20260331190951-0434;Cliente 434;Rua 434;Cuiaba;MT
PREV20260331190951-0435;Cliente 435;Rua 435;Cuiaba;MT
PREV20260331190951-0436;Cliente 436;Rua 436;Cuiaba;MT
PREV20260331190951-0437;Cliente 437;Rua 437;Cuiaba;MT
PREV20260331190951-0438;Cliente 438;Rua 438;Cuiaba;MT
PREV20260331190951-0439;Cliente 439;Rua 439;Cuiaba;MT
PREV20260331190951-0440;Cliente 440;Rua 440;Cuiaba;MT
PREV20260331190951-0441;Cliente 441;Rua 441;Cuiaba;MT
PREV20260331190951-0442;Cliente 442;Rua 442;Cuiaba;MT
PREV20260331190951-0443;Cliente 443;Rua 443;Cuiaba;MT
PREV20260331190951-0444;Cliente 444;Rua 444;Cuiaba;MT
PREV20260331190951-0445;Cliente 445;Rua 445;Cuiaba;MT
PREV20260331190951-0446;Cliente 446;Rua 446;Cuiaba;MT
PREV20260331190951-0447;Cliente 447;Rua 447;Cuiaba;MT
PREV20260331190951-0448;Cliente 448;Rua 448;Cuiaba;MT
PREV20260331190951-0449;Cliente 449;Rua 449;Cuiaba;MT
PREV20260331190951-0450;Cliente 450;Rua 450;Cuiaba;MT
PREV20260331190951-0451;Cliente 451;Rua 451;Cuiaba;MT
PREV20260331190951-0452;Cliente 452;Rua 452;Cuiaba;MT
PREV20260331190951-0453;Cliente 453;Rua 453;Cuiaba;MT
PREV20260331190951-0454;Cliente 454;Rua 454;Cuiaba;MT
PREV20260331190951-0455;Cliente 455;Rua 455;Cuiaba;MT
PREV20260331190951-0456;Cliente 456;Rua 456;Cuiaba;MT
PREV20260331190951-0457;Cliente 457;Rua 457;Cuiaba;MT
PREV20260331190951-0458;Cliente 458;Rua 458;Cuiaba;MT
PREV20260331190951-0459;Cliente 459;Rua 459;Cuiaba;MT
PREV20260331190951-0460;Cliente 460;Rua 460;Cuiaba;MT
PREV20260331190951-0461;Cliente 461;Rua 461;Cuiaba;MT
PREV20260331190951-0462;Cliente 462;Rua 462;Cuiaba;MT
PREV20260331190951-0463;Cliente 463;Rua 463;Cuiaba;MT
PREV20260331190951-0464;Cliente 464;Rua 464;Cuiaba;MT
PREV20260331190951-0465;Cliente 465;Rua 465;Cuiaba;MT
PREV20260331190951-0466;Cliente 466;Rua 466;Cuiaba;MT
PREV20260331190951-0467;Cliente 467;Rua 467;Cuiaba;MT
PREV20260331190951-0468;Cliente 468;Rua 468;Cuiaba;MT
PREV20260331190951-0469;Cliente 469;Rua 469;Cuiaba;MT
PREV20260331190951-0470;Cliente 470;Rua 470;Cuiaba;MT
PREV20260331190951-0471;Cliente 471;Rua 471;Cuiaba;MT
PREV20260331190951-0472;Cliente 472;Rua 472;Cuiaba;MT
PREV20260331190951-0473;Cliente 473;Rua 473;Cuiaba;MT
PREV20260331190951-0474;Cliente 474;Rua 474;Cuiaba;MT
PREV20260331190951-0475;Cliente 475;Rua 475;Cuiaba;MT
PREV20260331190951-0476;Cliente 476;Rua 476;Cuiaba;MT
PREV20260331190951-0477;Cliente 477;Rua 477;Cuiaba;MT
PREV20260331190951-0478;Cliente 478;Rua 478;Cuiaba;MT
PREV20260331190951-0479;Cliente 479;Rua 479;Cuiaba;MT
PREV20260331190951-0480;Cliente 480;Rua 480;Cuiaba;MT
PREV20260331190951-0481;Cliente 481;Rua 481;Cuiaba;MT
PREV20260331190951-0482;Cliente 482;Rua 482;Cuiaba;MT
PREV20260331190951-0483;Cliente 483;Rua 483;Cuiaba;MT
PREV20260331190951-0484;Cliente 484;Rua 484;Cuiaba;MT
PREV20260331190951-0485;Cliente 485;Rua 485;Cuiaba;MT
PREV20260331190951-0486;Cliente 486;Rua 486;Cuiaba;MT
PREV20260331190951-0487;Cliente 487;Rua 487;Cuiaba;MT
PREV20260331190951-0488;Cliente 488;Rua 488;Cuiaba;MT
PREV20260331190951-0489;Cliente 489;Rua 489;Cuiaba;MT
PREV20260331190951-0490;Cliente 490;Rua 490;Cuiaba;MT
PREV20260331190951-0491;Cliente 491;Rua 491;Cuiaba;MT
PREV20260331190951-0492;Cliente 492;Rua 492;Cuiaba;MT
PREV20260331190951-0493;Cliente 493;Rua 493;Cuiaba;MT
PREV20260331190951-0494;Cliente 494;Rua 494;Cuiaba;MT
PREV20260331190951-0495;Cliente 495;Rua 495;Cuiaba;MT
PREV20260331190951-0496;Cliente 496;Rua 496;Cuiaba;MT
PREV20260331190951-0497;Cliente 497;Rua 497;Cuiaba;MT
PREV20260331190951-0498;Cliente 498;Rua 498;Cuiaba;MT
PREV20260331190951-0499;Cliente 499;Rua 499;Cuiaba;MT
PREV20260331190951-0500;Cliente 500;Rua 500;Cuiaba;MT
PREV20260331190951-0501;Cliente 501;Rua 501;Cuiaba;MT
PREV20260331190951-0502;Cliente 502;Rua 502;Cuiaba;MT
PREV20260331190951-0503;Cliente 503;Rua 503;Cuiaba;MT
PREV20260331190951-0504;Cliente 504;Rua 504;Cuiaba;MT
PREV20260331190951-0505;Cliente 505;Rua 505;Cuiaba;MT
PREV20260331190951-0506;Cliente 506;Rua 506;Cuiaba;MT
PREV20260331190951-0507;Cliente 507;Rua 507;Cuiaba;MT
PREV20260331190951-0508;Cliente 508;Rua 508;Cuiaba;MT
PREV20260331190951-0509;Cliente 509;Rua 509;Cuiaba;MT
PREV20260331190951-0510;Cliente 510;Rua 510;Cuiaba;MT
PREV20260331190951-0511;Cliente 511;Rua 511;Cuiaba;MT
PREV20260331190951-0512;Cliente 512;Rua 512;Cuiaba;MT
PREV20260331190951-0513;Cliente 513;Rua 513;Cuiaba;MT
PREV20260331190951-0514;Cliente 514;Rua 514;Cuiaba;MT
PREV20260331190951-0515;Cliente 515;Rua 515;Cuiaba;MT
PREV20260331190951-0516;Cliente 516;Rua 516;Cuiaba;MT
PREV20260331190951-0517;Cliente 517;Rua 517;Cuiaba;MT
PREV20260331190951-0518;Cliente 518;Rua 518;Cuiaba;MT
PREV20260331190951-0519;Cliente 519;Rua 519;Cuiaba;MT
PREV20260331190951-0520;Cliente 520;Rua 520;Cuiaba;MT
PREV20260331190951-0521;Cliente 521;Rua 521;Cuiaba;MT
PREV20260331190951-0522;Cliente 522;Rua 522;Cuiaba;MT
PREV20260331190951-0523;Cliente 523;Rua 523;Cuiaba;MT
PREV20260331190951-0524;Cliente 524;Rua 524;Cuiaba;MT
PREV20260331190951-0525;Cliente 525;Rua 525;Cuiaba;MT
PREV20260331190951-0526;Cliente 526;Rua 526;Cuiaba;MT
PREV20260331190951-0527;Cliente 527;Rua 527;Cuiaba;MT
PREV20260331190951-0528;Cliente 528;Rua 528;Cuiaba;MT
PREV20260331190951-0529;Cliente 529;Rua 529;Cuiaba;MT
PREV20260331190951-0530;Cliente 530;Rua 530;Cuiaba;MT
PREV20260331190951-0531;Cliente 531;Rua 531;Cuiaba;MT
PREV20260331190951-0532;Cliente 532;Rua 532;Cuiaba;MT
PREV20260331190951-0533;Cliente 533;Rua 533;Cuiaba;MT
PREV20260331190951-0534;Cliente 534;Rua 534;Cuiaba;MT
PREV20260331190951-0535;Cliente 535;Rua 535;Cuiaba;MT
PREV20260331190951-0536;Cliente 536;Rua 536;Cuiaba;MT
PREV20260331190951-0537;Cliente 537;Rua 537;Cuiaba;MT
PREV20260331190951-0538;Cliente 538;Rua 538;Cuiaba;MT
PREV20260331190951-0539;Cliente 539;Rua 539;Cuiaba;MT
PREV20260331190951-0540;Cliente 540;Rua 540;Cuiaba;MT
PREV20260331190951-0541;Cliente 541;Rua 541;Cuiaba;MT
PREV20260331190951-0542;Cliente 542;Rua 542;Cuiaba;MT
PREV20260331190951-0543;Cliente 543;Rua 543;Cuiaba;MT
PREV20260331190951-0544;Cliente 544;Rua 544;Cuiaba;MT
PREV20260331190951-0545;Cliente 545;Rua 545;Cuiaba;MT
PREV20260331190951-0546;Cliente 546;Rua 546;Cuiaba;MT
PREV20260331190951-0547;Cliente 547;Rua 547;Cuiaba;MT
PREV20260331190951-0548;Cliente 548;Rua 548;Cuiaba;MT
PREV20260331190951-0549;Cliente 549;Rua 549;Cuiaba;MT
PREV20260331190951-0550;Cliente 550;Rua 550;Cuiaba;MT
PREV20260331190951-0551;Cliente 551;Rua 551;Cuiaba;MT
PREV20260331190951-0552;Cliente 552;Rua 552;Cuiaba;MT
PREV20260331190951-0553;Cliente 553;Rua 553;Cuiaba;MT
PREV20260331190951-0554;Cliente 554;Rua 554;Cuiaba;MT
PREV20260331190951-0555;Cliente 555;Rua 555;Cuiaba;MT
PREV20260331190951-0556;Cliente 556;Rua 556;Cuiaba;MT
PREV20260331190951-0557;Cliente 557;Rua 557;Cuiaba;MT
PREV20260331190951-0558;Cliente 558;Rua 558;Cuiaba;MT
PREV20260331190951-0559;Cliente 559;Rua 559;Cuiaba;MT
PREV20260331190951-0560;Cliente 560;Rua 560;Cuiaba;MT
PREV20260331190951-0561;Cliente 561;Rua 561;Cuiaba;MT
PREV20260331190951-0562;Cliente 562;Rua 562;Cuiaba;MT
PREV20260331190951-0563;Cliente 563;Rua 563;Cuiaba;MT
PREV20260331190951-0564;Cliente 564;Rua 564;Cuiaba;MT
PREV20260331190951-0565;Cliente 565;Rua 565;Cuiaba;MT
PREV20260331190951-0566;Cliente 566;Rua 566;Cuiaba;MT
PREV20260331190951-0567;Cliente 567;Rua 567;Cuiaba;MT
PREV20260331190951-0568;Cliente 568;Rua 568;Cuiaba;MT
PREV20260331190951-0569;Cliente 569;Rua 569;Cuiaba;MT
PREV20260331190951-0570;Cliente 570;Rua 570;Cuiaba;MT
PREV20260331190951-0571;Cliente 571;Rua 571;Cuiaba;MT
PREV20260331190951-0572;Cliente 572;Rua 572;Cuiaba;MT
PREV20260331190951-0573;Cliente 573;Rua 573;Cuiaba;MT
PREV20260331190951-0574;Cliente 574;Rua 574;Cuiaba;MT
PREV20260331190951-0575;Cliente 575;Rua 575;Cuiaba;MT
PREV20260331190951-0576;Cliente 576;Rua 576;Cuiaba;MT
PREV20260331190951-0577;Cliente 577;Rua 577;Cuiaba;MT
PREV20260331190951-0578;Cliente 578;Rua 578;Cuiaba;MT
PREV20260331190951-0579;Cliente 579;Rua 579;Cuiaba;MT
PREV20260331190951-0580;Cliente 580;Rua 580;Cuiaba;MT
PREV20260331190951-0581;Cliente 581;Rua 581;Cuiaba;MT
PREV20260331190951-0582;Cliente 582;Rua 582;Cuiaba;MT
PREV20260331190951-0583;Cliente 583;Rua 583;Cuiaba;MT
PREV20260331190951-0584;Cliente 584;Rua 584;Cuiaba;MT
PREV20260331190951-0585;Cliente 585;Rua 585;Cuiaba;MT
PREV20260331190951-0586;Cliente 586;Rua 586;Cuiaba;MT
PREV20260331190951-0587;Cliente 587;Rua 587;Cuiaba;MT
PREV20260331190951-0588;Cliente 588;Rua 588;Cuiaba;MT
PREV20260331190951-0589;Cliente 589;Rua 589;Cuiaba;MT
PREV20260331190951-0590;Cliente 590;Rua 590;Cuiaba;MT
PREV20260331190951-0591;Cliente 591;Rua 591;Cuiaba;MT
PREV20260331190951-0592;Cliente 592;Rua 592;Cuiaba;MT
PREV20260331190951-0593;Cliente 593;Rua 593;Cuiaba;MT
PREV20260331190951-0594;Cliente 594;Rua 594;Cuiaba;MT
PREV20260331190951-0595;Cliente 595;Rua 595;Cuiaba;MT
PREV20260331190951-0596;Cliente 596;Rua 596;Cuiaba;MT
PREV20260331190951-0597;Cliente 597;Rua 597;Cuiaba;MT
PREV20260331190951-0598;Cliente 598;Rua 598;Cuiaba;MT
PREV20260331190951-0599;Cliente 599;Rua 599;Cuiaba;MT
PREV20260331190951-0600;Cliente 600;Rua 600;Cuiaba;MT
PREV20260331190951-0601;Cliente 601;Rua 601;Cuiaba;MT
PREV20260331190951-0602;Cliente 602;Rua 602;Cuiaba;MT
PREV20260331190951-0603;Cliente 603;Rua 603;Cuiaba;MT
PREV20260331190951-0604;Cliente 604;Rua 604;Cuiaba;MT
PREV20260331190951-0605;Cliente 605;Rua 605;Cuiaba;MT
PREV20260331190951-0606;Cliente 606;Rua 606;Cuiaba;MT
PREV20260331190951-0607;Cliente 607;Rua 607;Cuiaba;MT
PREV20260331190951-0608;Cliente 608;Rua 608;Cuiaba;MT
PREV20260331190951-0609;Cliente 609;Rua 609;Cuiaba;MT
PREV20260331190951-0610;Cliente 610;Rua 610;Cuiaba;MT
PREV20260331190951-0611;Cliente 611;Rua 611;Cuiaba;MT
PREV20260331190951-0612;Cliente 612;Rua 612;Cuiaba;MT
PREV20260331190951-0613;Cliente 613;Rua 613;Cuiaba;MT
PREV20260331190951-0614;Cliente 614;Rua 614;Cuiaba;MT
PREV20260331190951-0615;Cliente 615;Rua 615;Cuiaba;MT
PREV20260331190951-0616;Cliente 616;Rua 616;Cuiaba;MT
PREV20260331190951-0617;Cliente 617;Rua 617;Cuiaba;MT
PREV20260331190951-0618;Cliente 618;Rua 618;Cuiaba;MT
PREV20260331190951-0619;Cliente 619;Rua 619;Cuiaba;MT
PREV20260331190951-0620;Cliente 620;Rua 620;Cuiaba;MT
PREV20260331190951-0621;Cliente 621;Rua 621;Cuiaba;MT
PREV20260331190951-0622;Cliente 622;Rua 622;Cuiaba;MT
PREV20260331190951-0623;Cliente 623;Rua 623;Cuiaba;MT
PREV20260331190951-0624;Cliente 624;Rua 624;Cuiaba;MT
PREV20260331190951-0625;Cliente 625;Rua 625;Cuiaba;MT
PREV20260331190951-0626;Cliente 626;Rua 626;Cuiaba;MT
PREV20260331190951-0627;Cliente 627;Rua 627;Cuiaba;MT
PREV20260331190951-0628;Cliente 628;Rua 628;Cuiaba;MT
PREV20260331190951-0629;Cliente 629;Rua 629;Cuiaba;MT
PREV20260331190951-0630;Cliente 630;Rua 630;Cuiaba;MT
PREV20260331190951-0631;Cliente 631;Rua 631;Cuiaba;MT
PREV20260331190951-0632;Cliente 632;Rua 632;Cuiaba;MT
PREV20260331190951-0633;Cliente 633;Rua 633;Cuiaba;MT
PREV20260331190951-0634;Cliente 634;Rua 634;Cuiaba;MT
PREV20260331190951-0635;Cliente 635;Rua 635;Cuiaba;MT
PREV20260331190951-0636;Cliente 636;Rua 636;Cuiaba;MT
PREV20260331190951-0637;Cliente 637;Rua 637;Cuiaba;MT
PREV20260331190951-0638;Cliente 638;Rua 638;Cuiaba;MT
PREV20260331190951-0639;Cliente 639;Rua 639;Cuiaba;MT
PREV20260331190951-0640;Cliente 640;Rua 640;Cuiaba;MT
PREV20260331190951-0641;Cliente 641;Rua 641;Cuiaba;MT
PREV20260331190951-0642;Cliente 642;Rua 642;Cuiaba;MT
PREV20260331190951-0643;Cliente 643;Rua 643;Cuiaba;MT
PREV20260331190951-0644;Cliente 644;Rua 644;Cuiaba;MT
PREV20260331190951-0645;Cliente 645;Rua 645;Cuiaba;MT
PREV20260331190951-0646;Cliente 646;Rua 646;Cuiaba;MT
PREV20260331190951-0647;Cliente 647;Rua 647;Cuiaba;MT
PREV20260331190951-0648;Cliente 648;Rua 648;Cuiaba;MT
PREV20260331190951-0649;Cliente 649;Rua 649;Cuiaba;MT
PREV20260331190951-0650;Cliente 650;Rua 650;Cuiaba;MT
PREV20260331190951-0651;Cliente 651;Rua 651;Cuiaba;MT
PREV20260331190951-0652;Cliente 652;Rua 652;Cuiaba;MT
PREV20260331190951-0653;Cliente 653;Rua 653;Cuiaba;MT
PREV20260331190951-0654;Cliente 654;Rua 654;Cuiaba;MT
PREV20260331190951-0655;Cliente 655;Rua 655;Cuiaba;MT
PREV20260331190951-0656;Cliente 656;Rua 656;Cuiaba;MT
PREV20260331190951-0657;Cliente 657;Rua 657;Cuiaba;MT
PREV20260331190951-0658;Cliente 658;Rua 658;Cuiaba;MT
PREV20260331190951-0659;Cliente 659;Rua 659;Cuiaba;MT
PREV20260331190951-0660;Cliente 660;Rua 660;Cuiaba;MT
PREV20260331190951-0661;Cliente 661;Rua 661;Cuiaba;MT
PREV20260331190951-0662;Cliente 662;Rua 662;Cuiaba;MT
PREV20260331190951-0663;Cliente 663;Rua 663;Cuiaba;MT
PREV20260331190951-0664;Cliente 664;Rua 664;Cuiaba;MT
PREV20260331190951-0665;Cliente 665;Rua 665;Cuiaba;MT
PREV20260331190951-0666;Cliente 666;Rua 666;Cuiaba;MT
PREV20260331190951-0667;Cliente 667;Rua 667;Cuiaba;MT
PREV20260331190951-0668;Cliente 668;Rua 668;Cuiaba;MT
PREV20260331190951-0669;Cliente 669;Rua 669;Cuiaba;MT
PREV20260331190951-0670;Cliente 670;Rua 670;Cuiaba;MT
PREV20260331190951-0671;Cliente 671;Rua 671;Cuiaba;MT
PREV20260331190951-0672;Cliente 672;Rua 672;Cuiaba;MT
PREV20260331190951-0673;Cliente 673;Rua 673;Cuiaba;MT
PREV20260331190951-0674;Cliente 674;Rua 674;Cuiaba;MT
PREV20260331190951-0675;Cliente 675;Rua 675;Cuiaba;MT
PREV20260331190951-0676;Cliente 676;Rua 676;Cuiaba;MT
PREV20260331190951-0677;Cliente 677;Rua 677;Cuiaba;MT
PREV20260331190951-0678;Cliente 678;Rua 678;Cuiaba;MT
PREV20260331190951-0679;Cliente 679;Rua 679;Cuiaba;MT
PREV20260331190951-0680;Cliente 680;Rua 680;Cuiaba;MT
PREV20260331190951-0681;Cliente 681;Rua 681;Cuiaba;MT
PREV20260331190951-0682;Cliente 682;Rua 682;Cuiaba;MT
PREV20260331190951-0683;Cliente 683;Rua 683;Cuiaba;MT
PREV20260331190951-0684;Cliente 684;Rua 684;Cuiaba;MT
PREV20260331190951-0685;Cliente 685;Rua 685;Cuiaba;MT
PREV20260331190951-0686;Cliente 686;Rua 686;Cuiaba;MT
PREV20260331190951-0687;Cliente 687;Rua 687;Cuiaba;MT
PREV20260331190951-0688;Cliente 688;Rua 688;Cuiaba;MT
PREV20260331190951-0689;Cliente 689;Rua 689;Cuiaba;MT
PREV20260331190951-0690;Cliente 690;Rua 690;Cuiaba;MT
PREV20260331190951-0691;Cliente 691;Rua 691;Cuiaba;MT
PREV20260331190951-0692;Cliente 692;Rua 692;Cuiaba;MT
PREV20260331190951-0693;Cliente 693;Rua 693;Cuiaba;MT
PREV20260331190951-0694;Cliente 694;Rua 694;Cuiaba;MT
PREV20260331190951-0695;Cliente 695;Rua 695;Cuiaba;MT
PREV20260331190951-0696;Cliente 696;Rua 696;Cuiaba;MT
PREV20260331190951-0697;Cliente 697;Rua 697;Cuiaba;MT
PREV20260331190951-0698;Cliente 698;Rua 698;Cuiaba;MT
PREV20260331190951-0699;Cliente 699;Rua 699;Cuiaba;MT
PREV20260331190951-0700;Cliente 700;Rua 700;Cuiaba;MT
PREV20260331190951-0701;Cliente 701;Rua 701;Cuiaba;MT
PREV20260331190951-0702;Cliente 702;Rua 702;Cuiaba;MT
PREV20260331190951-0703;Cliente 703;Rua 703;Cuiaba;MT
PREV20260331190951-0704;Cliente 704;Rua 704;Cuiaba;MT
PREV20260331190951-0705;Cliente 705;Rua 705;Cuiaba;MT
PREV20260331190951-0706;Cliente 706;Rua 706;Cuiaba;MT
PREV20260331190951-0707;Cliente 707;Rua 707;Cuiaba;MT
PREV20260331190951-0708;Cliente 708;Rua 708;Cuiaba;MT
PREV20260331190951-0709;Cliente 709;Rua 709;Cuiaba;MT
PREV20260331190951-0710;Cliente 710;Rua 710;Cuiaba;MT
PREV20260331190951-0711;Cliente 711;Rua 711;Cuiaba;MT
PREV20260331190951-0712;Cliente 712;Rua 712;Cuiaba;MT
PREV20260331190951-0713;Cliente 713;Rua 713;Cuiaba;MT
PREV20260331190951-0714;Cliente 714;Rua 714;Cuiaba;MT
PREV20260331190951-0715;Cliente 715;Rua 715;Cuiaba;MT
PREV20260331190951-0716;Cliente 716;Rua 716;Cuiaba;MT
PREV20260331190951-0717;Cliente 717;Rua 717;Cuiaba;MT
PREV20260331190951-0718;Cliente 718;Rua 718;Cuiaba;MT
PREV20260331190951-0719;Cliente 719;Rua 719;Cuiaba;MT
PREV20260331190951-0720;Cliente 720;Rua 720;Cuiaba;MT
PREV20260331190951-0721;Cliente 721;Rua 721;Cuiaba;MT
PREV20260331190951-0722;Cliente 722;Rua 722;Cuiaba;MT
PREV20260331190951-0723;Cliente 723;Rua 723;Cuiaba;MT
PREV20260331190951-0724;Cliente 724;Rua 724;Cuiaba;MT
PREV20260331190951-0725;Cliente 725;Rua 725;Cuiaba;MT
PREV20260331190951-0726;Cliente 726;Rua 726;Cuiaba;MT
PREV20260331190951-0727;Cliente 727;Rua 727;Cuiaba;MT
PREV20260331190951-0728;Cliente 728;Rua 728;Cuiaba;MT
PREV20260331190951-0729;Cliente 729;Rua 729;Cuiaba;MT
PREV20260331190951-0730;Cliente 730;Rua 730;Cuiaba;MT
PREV20260331190951-0731;Cliente 731;Rua 731;Cuiaba;MT
PREV20260331190951-0732;Cliente 732;Rua 732;Cuiaba;MT
PREV20260331190951-0733;Cliente 733;Rua 733;Cuiaba;MT
PREV20260331190951-0734;Cliente 734;Rua 734;Cuiaba;MT
PREV20260331190951-0735;Cliente 735;Rua 735;Cuiaba;MT
PREV20260331190951-0736;Cliente 736;Rua 736;Cuiaba;MT
PREV20260331190951-0737;Cliente 737;Rua 737;Cuiaba;MT
PREV20260331190951-0738;Cliente 738;Rua 738;Cuiaba;MT
PREV20260331190951-0739;Cliente 739;Rua 739;Cuiaba;MT
PREV20260331190951-0740;Cliente 740;Rua 740;Cuiaba;MT
PREV20260331190951-0741;Cliente 741;Rua 741;Cuiaba;MT
PREV20260331190951-0742;Cliente 742;Rua 742;Cuiaba;MT
PREV20260331190951-0743;Cliente 743;Rua 743;Cuiaba;MT
PREV20260331190951-0744;Cliente 744;Rua 744;Cuiaba;MT
PREV20260331190951-0745;Cliente 745;Rua 745;Cuiaba;MT
PREV20260331190951-0746;Cliente 746;Rua 746;Cuiaba;MT
PREV20260331190951-0747;Cliente 747;Rua 747;Cuiaba;MT
PREV20260331190951-0748;Cliente 748;Rua 748;Cuiaba;MT
PREV20260331190951-0749;Cliente 749;Rua 749;Cuiaba;MT
PREV20260331190951-0750;Cliente 750;Rua 750;Cuiaba;MT
PREV20260331190951-0751;Cliente 751;Rua 751;Cuiaba;MT
PREV20260331190951-0752;Cliente 752;Rua 752;Cuiaba;MT
PREV20260331190951-0753;Cliente 753;Rua 753;Cuiaba;MT
PREV20260331190951-0754;Cliente 754;Rua 754;Cuiaba;MT
PREV20260331190951-0755;Cliente 755;Rua 755;Cuiaba;MT
PREV20260331190951-0756;Cliente 756;Rua 756;Cuiaba;MT
PREV20260331190951-0757;Cliente 757;Rua 757;Cuiaba;MT
PREV20260331190951-0758;Cliente 758;Rua 758;Cuiaba;MT
PREV20260331190951-0759;Cliente 759;Rua 759;Cuiaba;MT
PREV20260331190951-0760;Cliente 760;Rua 760;Cuiaba;MT
PREV20260331190951-0761;Cliente 761;Rua 761;Cuiaba;MT
PREV20260331190951-0762;Cliente 762;Rua 762;Cuiaba;MT
PREV20260331190951-0763;Cliente 763;Rua 763;Cuiaba;MT
PREV20260331190951-0764;Cliente 764;Rua 764;Cuiaba;MT
PREV20260331190951-0765;Cliente 765;Rua 765;Cuiaba;MT
PREV20260331190951-0766;Cliente 766;Rua 766;Cuiaba;MT
PREV20260331190951-0767;Cliente 767;Rua 767;Cuiaba;MT
PREV20260331190951-0768;Cliente 768;Rua 768;Cuiaba;MT
PREV20260331190951-0769;Cliente 769;Rua 769;Cuiaba;MT
PREV20260331190951-0770;Cliente 770;Rua 770;Cuiaba;MT
PREV20260331190951-0771;Cliente 771;Rua 771;Cuiaba;MT
PREV20260331190951-0772;Cliente 772;Rua 772;Cuiaba;MT
PREV20260331190951-0773;Cliente 773;Rua 773;Cuiaba;MT
PREV20260331190951-0774;Cliente 774;Rua 774;Cuiaba;MT
PREV20260331190951-0775;Cliente 775;Rua 775;Cuiaba;MT
PREV20260331190951-0776;Cliente 776;Rua 776;Cuiaba;MT
PREV20260331190951-0777;Cliente 777;Rua 777;Cuiaba;MT
PREV20260331190951-0778;Cliente 778;Rua 778;Cuiaba;MT
PREV20260331190951-0779;Cliente 779;Rua 779;Cuiaba;MT
PREV20260331190951-0780;Cliente 780;Rua 780;Cuiaba;MT
PREV20260331190951-0781;Cliente 781;Rua 781;Cuiaba;MT
PREV20260331190951-0782;Cliente 782;Rua 782;Cuiaba;MT
PREV20260331190951-0783;Cliente 783;Rua 783;Cuiaba;MT
PREV20260331190951-0784;Cliente 784;Rua 784;Cuiaba;MT
PREV20260331190951-0785;Cliente 785;Rua 785;Cuiaba;MT
PREV20260331190951-0786;Cliente 786;Rua 786;Cuiaba;MT
PREV20260331190951-0787;Cliente 787;Rua 787;Cuiaba;MT
PREV20260331190951-0788;Cliente 788;Rua 788;Cuiaba;MT
PREV20260331190951-0789;Cliente 789;Rua 789;Cuiaba;MT
PREV20260331190951-0790;Cliente 790;Rua 790;Cuiaba;MT
PREV20260331190951-0791;Cliente 791;Rua 791;Cuiaba;MT
PREV20260331190951-0792;Cliente 792;Rua 792;Cuiaba;MT
PREV20260331190951-0793;Cliente 793;Rua 793;Cuiaba;MT
PREV20260331190951-0794;Cliente 794;Rua 794;Cuiaba;MT
PREV20260331190951-0795;Cliente 795;Rua 795;Cuiaba;MT
PREV20260331190951-0796;Cliente 796;Rua 796;Cuiaba;MT
PREV20260331190951-0797;Cliente 797;Rua 797;Cuiaba;MT
PREV20260331190951-0798;Cliente 798;Rua 798;Cuiaba;MT
PREV20260331190951-0799;Cliente 799;Rua 799;Cuiaba;MT
PREV20260331190951-0800;Cliente 800;Rua 800;Cuiaba;MT
PREV20260331190951-0801;Cliente 801;Rua 801;Cuiaba;MT
PREV20260331190951-0802;Cliente 802;Rua 802;Cuiaba;MT
PREV20260331190951-0803;Cliente 803;Rua 803;Cuiaba;MT
PREV20260331190951-0804;Cliente 804;Rua 804;Cuiaba;MT
PREV20260331190951-0805;Cliente 805;Rua 805;Cuiaba;MT
PREV20260331190951-0806;Cliente 806;Rua 806;Cuiaba;MT
PREV20260331190951-0807;Cliente 807;Rua 807;Cuiaba;MT
PREV20260331190951-0808;Cliente 808;Rua 808;Cuiaba;MT
PREV20260331190951-0809;Cliente 809;Rua 809;Cuiaba;MT
PREV20260331190951-0810;Cliente 810;Rua 810;Cuiaba;MT
PREV20260331190951-0811;Cliente 811;Rua 811;Cuiaba;MT
PREV20260331190951-0812;Cliente 812;Rua 812;Cuiaba;MT
PREV20260331190951-0813;Cliente 813;Rua 813;Cuiaba;MT
PREV20260331190951-0814;Cliente 814;Rua 814;Cuiaba;MT
PREV20260331190951-0815;Cliente 815;Rua 815;Cuiaba;MT
PREV20260331190951-0816;Cliente 816;Rua 816;Cuiaba;MT
PREV20260331190951-0817;Cliente 817;Rua 817;Cuiaba;MT
PREV20260331190951-0818;Cliente 818;Rua 818;Cuiaba;MT
PREV20260331190951-0819;Cliente 819;Rua 819;Cuiaba;MT
PREV20260331190951-0820;Cliente 820;Rua 820;Cuiaba;MT
PREV20260331190951-0821;Cliente 821;Rua 821;Cuiaba;MT
PREV20260331190951-0822;Cliente 822;Rua 822;Cuiaba;MT
PREV20260331190951-0823;Cliente 823;Rua 823;Cuiaba;MT
PREV20260331190951-0824;Cliente 824;Rua 824;Cuiaba;MT
PREV20260331190951-0825;Cliente 825;Rua 825;Cuiaba;MT
PREV20260331190951-0826;Cliente 826;Rua 826;Cuiaba;MT
PREV20260331190951-0827;Cliente 827;Rua 827;Cuiaba;MT
PREV20260331190951-0828;Cliente 828;Rua 828;Cuiaba;MT
PREV20260331190951-0829;Cliente 829;Rua 829;Cuiaba;MT
PREV20260331190951-0830;Cliente 830;Rua 830;Cuiaba;MT
PREV20260331190951-0831;Cliente 831;Rua 831;Cuiaba;MT
PREV20260331190951-0832;Cliente 832;Rua 832;Cuiaba;MT
PREV20260331190951-0833;Cliente 833;Rua 833;Cuiaba;MT
PREV20260331190951-0834;Cliente 834;Rua 834;Cuiaba;MT
PREV20260331190951-0835;Cliente 835;Rua 835;Cuiaba;MT
PREV20260331190951-0836;Cliente 836;Rua 836;Cuiaba;MT
PREV20260331190951-0837;Cliente 837;Rua 837;Cuiaba;MT
PREV20260331190951-0838;Cliente 838;Rua 838;Cuiaba;MT
PREV20260331190951-0839;Cliente 839;Rua 839;Cuiaba;MT
PREV20260331190951-0840;Cliente 840;Rua 840;Cuiaba;MT
PREV20260331190951-0841;Cliente 841;Rua 841;Cuiaba;MT
PREV20260331190951-0842;Cliente 842;Rua 842;Cuiaba;MT
PREV20260331190951-0843;Cliente 843;Rua 843;Cuiaba;MT
PREV20260331190951-0844;Cliente 844;Rua 844;Cuiaba;MT
PREV20260331190951-0845;Cliente 845;Rua 845;Cuiaba;MT
PREV20260331190951-0846;Cliente 846;Rua 846;Cuiaba;MT
PREV20260331190951-0847;Cliente 847;Rua 847;Cuiaba;MT
PREV20260331190951-0848;Cliente 848;Rua 848;Cuiaba;MT
PREV20260331190951-0849;Cliente 849;Rua 849;Cuiaba;MT
PREV20260331190951-0850;Cliente 850;Rua 850;Cuiaba;MT
PREV20260331190951-0851;Cliente 851;Rua 851;Cuiaba;MT
PREV20260331190951-0852;Cliente 852;Rua 852;Cuiaba;MT
PREV20260331190951-0853;Cliente 853;Rua 853;Cuiaba;MT
PREV20260331190951-0854;Cliente 854;Rua 854;Cuiaba;MT
PREV20260331190951-0855;Cliente 855;Rua 855;Cuiaba;MT
PREV20260331190951-0856;Cliente 856;Rua 856;Cuiaba;MT
PREV20260331190951-0857;Cliente 857;Rua 857;Cuiaba;MT
PREV20260331190951-0858;Cliente 858;Rua 858;Cuiaba;MT
PREV20260331190951-0859;Cliente 859;Rua 859;Cuiaba;MT
PREV20260331190951-0860;Cliente 860;Rua 860;Cuiaba;MT
PREV20260331190951-0861;Cliente 861;Rua 861;Cuiaba;MT
PREV20260331190951-0862;Cliente 862;Rua 862;Cuiaba;MT
PREV20260331190951-0863;Cliente 863;Rua 863;Cuiaba;MT
PREV20260331190951-0864;Cliente 864;Rua 864;Cuiaba;MT
PREV20260331190951-0865;Cliente 865;Rua 865;Cuiaba;MT
PREV20260331190951-0866;Cliente 866;Rua 866;Cuiaba;MT
PREV20260331190951-0867;Cliente 867;Rua 867;Cuiaba;MT
PREV20260331190951-0868;Cliente 868;Rua 868;Cuiaba;MT
PREV20260331190951-0869;Cliente 869;Rua 869;Cuiaba;MT
PREV20260331190951-0870;Cliente 870;Rua 870;Cuiaba;MT
PREV20260331190951-0871;Cliente 871;Rua 871;Cuiaba;MT
PREV20260331190951-0872;Cliente 872;Rua 872;Cuiaba;MT
PREV20260331190951-0873;Cliente 873;Rua 873;Cuiaba;MT
PREV20260331190951-0874;Cliente 874;Rua 874;Cuiaba;MT
PREV20260331190951-0875;Cliente 875;Rua 875;Cuiaba;MT
PREV20260331190951-0876;Cliente 876;Rua 876;Cuiaba;MT
PREV20260331190951-0877;Cliente 877;Rua 877;Cuiaba;MT
PREV20260331190951-0878;Cliente 878;Rua 878;Cuiaba;MT
PREV20260331190951-0879;Cliente 879;Rua 879;Cuiaba;MT
PREV20260331190951-0880;Cliente 880;Rua 880;Cuiaba;MT
PREV20260331190951-0881;Cliente 881;Rua 881;Cuiaba;MT
PREV20260331190951-0882;Cliente 882;Rua 882;Cuiaba;MT
PREV20260331190951-0883;Cliente 883;Rua 883;Cuiaba;MT
PREV20260331190951-0884;Cliente 884;Rua 884;Cuiaba;MT
PREV20260331190951-0885;Cliente 885;Rua 885;Cuiaba;MT
PREV20260331190951-0886;Cliente 886;Rua 886;Cuiaba;MT
PREV20260331190951-0887;Cliente 887;Rua 887;Cuiaba;MT
PREV20260331190951-0888;Cliente 888;Rua 888;Cuiaba;MT
PREV20260331190951-0889;Cliente 889;Rua 889;Cuiaba;MT
PREV20260331190951-0890;Cliente 890;Rua 890;Cuiaba;MT
PREV20260331190951-0891;Cliente 891;Rua 891;Cuiaba;MT
PREV20260331190951-0892;Cliente 892;Rua 892;Cuiaba;MT
PREV20260331190951-0893;Cliente 893;Rua 893;Cuiaba;MT
PREV20260331190951-0894;Cliente 894;Rua 894;Cuiaba;MT
PREV20260331190951-0895;Cliente 895;Rua 895;Cuiaba;MT
PREV20260331190951-0896;Cliente 896;Rua 896;Cuiaba;MT
PREV20260331190951-0897;Cliente 897;Rua 897;Cuiaba;MT
PREV20260331190951-0898;Cliente 898;Rua 898;Cuiaba;MT
PREV20260331190951-0899;Cliente 899;Rua 899;Cuiaba;MT
PREV20260331190951-0900;Cliente 900;Rua 900;Cuiaba;MT
PREV20260331190951-0901;Cliente 901;Rua 901;Cuiaba;MT
PREV20260331190951-0902;Cliente 902;Rua 902;Cuiaba;MT
PREV20260331190951-0903;Cliente 903;Rua 903;Cuiaba;MT
PREV20260331190951-0904;Cliente 904;Rua 904;Cuiaba;MT
PREV20260331190951-0905;Cliente 905;Rua 905;Cuiaba;MT
PREV20260331190951-0906;Cliente 906;Rua 906;Cuiaba;MT
PREV20260331190951-0907;Cliente 907;Rua 907;Cuiaba;MT
PREV20260331190951-0908;Cliente 908;Rua 908;Cuiaba;MT
PREV20260331190951-0909;Cliente 909;Rua 909;Cuiaba;MT
PREV20260331190951-0910;Cliente 910;Rua 910;Cuiaba;MT
PREV20260331190951-0911;Cliente 911;Rua 911;Cuiaba;MT
PREV20260331190951-0912;Cliente 912;Rua 912;Cuiaba;MT
PREV20260331190951-0913;Cliente 913;Rua 913;Cuiaba;MT
PREV20260331190951-0914;Cliente 914;Rua 914;Cuiaba;MT
PREV20260331190951-0915;Cliente 915;Rua 915;Cuiaba;MT
PREV20260331190951-0916;Cliente 916;Rua 916;Cuiaba;MT
PREV20260331190951-0917;Cliente 917;Rua 917;Cuiaba;MT
PREV20260331190951-0918;Cliente 918;Rua 918;Cuiaba;MT
PREV20260331190951-0919;Cliente 919;Rua 919;Cuiaba;MT
PREV20260331190951-0920;Cliente 920;Rua 920;Cuiaba;MT
PREV20260331190951-0921;Cliente 921;Rua 921;Cuiaba;MT
PREV20260331190951-0922;Cliente 922;Rua 922;Cuiaba;MT
PREV20260331190951-0923;Cliente 923;Rua 923;Cuiaba;MT
PREV20260331190951-0924;Cliente 924;Rua 924;Cuiaba;MT
PREV20260331190951-0925;Cliente 925;Rua 925;Cuiaba;MT
PREV20260331190951-0926;Cliente 926;Rua 926;Cuiaba;MT
PREV20260331190951-0927;Cliente 927;Rua 927;Cuiaba;MT
PREV20260331190951-0928;Cliente 928;Rua 928;Cuiaba;MT
PREV20260331190951-0929;Cliente 929;Rua 929;Cuiaba;MT
PREV20260331190951-0930;Cliente 930;Rua 930;Cuiaba;MT
PREV20260331190951-0931;Cliente 931;Rua 931;Cuiaba;MT
PREV20260331190951-0932;Cliente 932;Rua 932;Cuiaba;MT
PREV20260331190951-0933;Cliente 933;Rua 933;Cuiaba;MT
PREV20260331190951-0934;Cliente 934;Rua 934;Cuiaba;MT
PREV20260331190951-0935;Cliente 935;Rua 935;Cuiaba;MT
PREV20260331190951-0936;Cliente 936;Rua 936;Cuiaba;MT
PREV20260331190951-0937;Cliente 937;Rua 937;Cuiaba;MT
PREV20260331190951-0938;Cliente 938;Rua 938;Cuiaba;MT
PREV20260331190951-0939;Cliente 939;Rua 939;Cuiaba;MT
PREV20260331190951-0940;Cliente 940;Rua 940;Cuiaba;MT
PREV20260331190951-0941;Cliente 941;Rua 941;Cuiaba;MT
PREV20260331190951-0942;Cliente 942;Rua 942;Cuiaba;MT
PREV20260331190951-0943;Cliente 943;Rua 943;Cuiaba;MT
PREV20260331190951-0944;Cliente 944;Rua 944;Cuiaba;MT
PREV20260331190951-0945;Cliente 945;Rua 945;Cuiaba;MT
PREV20260331190951-0946;Cliente 946;Rua 946;Cuiaba;MT
PREV20260331190951-0947;Cliente 947;Rua 947;Cuiaba;MT
PREV20260331190951-0948;Cliente 948;Rua 948;Cuiaba;MT
PREV20260331190951-0949;Cliente 949;Rua 949;Cuiaba;MT
PREV20260331190951-0950;Cliente 950;Rua 950;Cuiaba;MT
PREV20260331190951-0951;Cliente 951;Rua 951;Cuiaba;MT
PREV20260331190951-0952;Cliente 952;Rua 952;Cuiaba;MT
PREV20260331190951-0953;Cliente 953;Rua 953;Cuiaba;MT
PREV20260331190951-0954;Cliente 954;Rua 954;Cuiaba;MT
PREV20260331190951-0955;Cliente 955;Rua 955;Cuiaba;MT
PREV20260331190951-0956;Cliente 956;Rua 956;Cuiaba;MT
PREV20260331190951-0957;Cliente 957;Rua 957;Cuiaba;MT
PREV20260331190951-0958;Cliente 958;Rua 958;Cuiaba;MT
PREV20260331190951-0959;Cliente 959;Rua 959;Cuiaba;MT
PREV20260331190951-0960;Cliente 960;Rua 960;Cuiaba;MT
PREV20260331190951-0961;Cliente 961;Rua 961;Cuiaba;MT
PREV20260331190951-0962;Cliente 962;Rua 962;Cuiaba;MT
PREV20260331190951-0963;Cliente 963;Rua 963;Cuiaba;MT
PREV20260331190951-0964;Cliente 964;Rua 964;Cuiaba;MT
PREV20260331190951-0965;Cliente 965;Rua 965;Cuiaba;MT
PREV20260331190951-0966;Cliente 966;Rua 966;Cuiaba;MT
PREV20260331190951-0967;Cliente 967;Rua 967;Cuiaba;MT
PREV20260331190951-0968;Cliente 968;Rua 968;Cuiaba;MT
PREV20260331190951-0969;Cliente 969;Rua 969;Cuiaba;MT
PREV20260331190951-0970;Cliente 970;Rua 970;Cuiaba;MT
PREV20260331190951-0971;Cliente 971;Rua 971;Cuiaba;MT
PREV20260331190951-0972;Cliente 972;Rua 972;Cuiaba;MT
PREV20260331190951-0973;Cliente 973;Rua 973;Cuiaba;MT
PREV20260331190951-0974;Cliente 974;Rua 974;Cuiaba;MT
PREV20260331190951-0975;Cliente 975;Rua 975;Cuiaba;MT
PREV20260331190951-0976;Cliente 976;Rua 976;Cuiaba;MT
PREV20260331190951-0977;Cliente 977;Rua 977;Cuiaba;MT
PREV20260331190951-0978;Cliente 978;Rua 978;Cuiaba;MT
PREV20260331190951-0979;Cliente 979;Rua 979;Cuiaba;MT
PREV20260331190951-0980;Cliente 980;Rua 980;Cuiaba;MT
PREV20260331190951-0981;Cliente 981;Rua 981;Cuiaba;MT
PREV20260331190951-0982;Cliente 982;Rua 982;Cuiaba;MT
PREV20260331190951-0983;Cliente 983;Rua 983;Cuiaba;MT
PREV20260331190951-0984;Cliente 984;Rua 984;Cuiaba;MT
PREV20260331190951-0985;Cliente 985;Rua 985;Cuiaba;MT
PREV20260331190951-0986;Cliente 986;Rua 986;Cuiaba;MT
PREV20260331190951-0987;Cliente 987;Rua 987;Cuiaba;MT
PREV20260331190951-0988;Cliente 988;Rua 988;Cuiaba;MT
PREV20260331190951-0989;Cliente 989;Rua 989;Cuiaba;MT
PREV20260331190951-0990;Cliente 990;Rua 990;Cuiaba;MT
PREV20260331190951-0991;Cliente 991;Rua 991;Cuiaba;MT
PREV20260331190951-0992;Cliente 992;Rua 992;Cuiaba;MT
PREV20260331190951-0993;Cliente 993;Rua 993;Cuiaba;MT
PREV20260331190951-0994;Cliente 994;Rua 994;Cuiaba;MT
PREV20260331190951-0995;Cliente 995;Rua 995;Cuiaba;MT
PREV20260331190951-0996;Cliente 996;Rua 996;Cuiaba;MT
PREV20260331190951-0997;Cliente 997;Rua 997;Cuiaba;MT
PREV20260331190951-0998;Cliente 998;Rua 998;Cuiaba;MT
PREV20260331190951-0999;Cliente 999;Rua 999;Cuiaba;MT
PREV20260331190951-1000;Cliente 1000;Rua 1000;Cuiaba;MT
PREV20260331190951-1001;Cliente 1001;Rua 1001;Cuiaba;MT
PREV20260331190951-1002;Cliente 1002;Rua 1002;Cuiaba;MT
PREV20260331190951-1003;Cliente 1003;Rua 1003;Cuiaba;MT
PREV20260331190951-1004;Cliente 1004;Rua 1004;Cuiaba;MT
PREV20260331190951-1005;Cliente 1005;Rua 1005;Cuiaba;MT
PREV20260331190951-1006;Cliente 1006;Rua 1006;Cuiaba;MT
PREV20260331190951-1007;Cliente 1007;Rua 1007;Cuiaba;MT
PREV20260331190951-1008;Cliente 1008;Rua 1008;Cuiaba;MT
PREV20260331190951-1009;Cliente 1009;Rua 1009;Cuiaba;MT
PREV20260331190951-1010;Cliente 1010;Rua 1010;Cuiaba;MT
PREV20260331190951-1011;Cliente 1011;Rua 1011;Cuiaba;MT
PREV20260331190951-1012;Cliente 1012;Rua 1012;Cuiaba;MT
PREV20260331190951-1013;Cliente 1013;Rua 1013;Cuiaba;MT
PREV20260331190951-1014;Cliente 1014;Rua 1014;Cuiaba;MT
PREV20260331190951-1015;Cliente 1015;Rua 1015;Cuiaba;MT
PREV20260331190951-1016;Cliente 1016;Rua 1016;Cuiaba;MT
PREV20260331190951-1017;Cliente 1017;Rua 1017;Cuiaba;MT
PREV20260331190951-1018;Cliente 1018;Rua 1018;Cuiaba;MT
PREV20260331190951-1019;Cliente 1019;Rua 1019;Cuiaba;MT
PREV20260331190951-1020;Cliente 1020;Rua 1020;Cuiaba;MT
PREV20260331190951-1021;Cliente 1021;Rua 1021;Cuiaba;MT
PREV20260331190951-1022;Cliente 1022;Rua 1022;Cuiaba;MT
PREV20260331190951-1023;Cliente 1023;Rua 1023;Cuiaba;MT
PREV20260331190951-1024;Cliente 1024;Rua 1024;Cuiaba;MT
PREV20260331190951-1025;Cliente 1025;Rua 1025;Cuiaba;MT
PREV20260331190951-1026;Cliente 1026;Rua 1026;Cuiaba;MT
PREV20260331190951-1027;Cliente 1027;Rua 1027;Cuiaba;MT
PREV20260331190951-1028;Cliente 1028;Rua 1028;Cuiaba;MT
PREV20260331190951-1029;Cliente 1029;Rua 1029;Cuiaba;MT
PREV20260331190951-1030;Cliente 1030;Rua 1030;Cuiaba;MT
PREV20260331190951-1031;Cliente 1031;Rua 1031;Cuiaba;MT
PREV20260331190951-1032;Cliente 1032;Rua 1032;Cuiaba;MT
PREV20260331190951-1033;Cliente 1033;Rua 1033;Cuiaba;MT
PREV20260331190951-1034;Cliente 1034;Rua 1034;Cuiaba;MT
PREV20260331190951-1035;Cliente 1035;Rua 1035;Cuiaba;MT
PREV20260331190951-1036;Cliente 1036;Rua 1036;Cuiaba;MT
PREV20260331190951-1037;Cliente 1037;Rua 1037;Cuiaba;MT
PREV20260331190951-1038;Cliente 1038;Rua 1038;Cuiaba;MT
PREV20260331190951-1039;Cliente 1039;Rua 1039;Cuiaba;MT
PREV20260331190951-1040;Cliente 1040;Rua 1040;Cuiaba;MT
PREV20260331190951-1041;Cliente 1041;Rua 1041;Cuiaba;MT
PREV20260331190951-1042;Cliente 1042;Rua 1042;Cuiaba;MT
PREV20260331190951-1043;Cliente 1043;Rua 1043;Cuiaba;MT
PREV20260331190951-1044;Cliente 1044;Rua 1044;Cuiaba;MT
PREV20260331190951-1045;Cliente 1045;Rua 1045;Cuiaba;MT
PREV20260331190951-1046;Cliente 1046;Rua 1046;Cuiaba;MT
PREV20260331190951-1047;Cliente 1047;Rua 1047;Cuiaba;MT
PREV20260331190951-1048;Cliente 1048;Rua 1048;Cuiaba;MT
PREV20260331190951-1049;Cliente 1049;Rua 1049;Cuiaba;MT
PREV20260331190951-1050;Cliente 1050;Rua 1050;Cuiaba;MT
PREV20260331190951-1051;Cliente 1051;Rua 1051;Cuiaba;MT
PREV20260331190951-1052;Cliente 1052;Rua 1052;Cuiaba;MT
PREV20260331190951-1053;Cliente 1053;Rua 1053;Cuiaba;MT
PREV20260331190951-1054;Cliente 1054;Rua 1054;Cuiaba;MT
PREV20260331190951-1055;Cliente 1055;Rua 1055;Cuiaba;MT
PREV20260331190951-1056;Cliente 1056;Rua 1056;Cuiaba;MT
PREV20260331190951-1057;Cliente 1057;Rua 1057;Cuiaba;MT
PREV20260331190951-1058;Cliente 1058;Rua 1058;Cuiaba;MT
PREV20260331190951-1059;Cliente 1059;Rua 1059;Cuiaba;MT
PREV20260331190951-1060;Cliente 1060;Rua 1060;Cuiaba;MT
PREV20260331190951-1061;Cliente 1061;Rua 1061;Cuiaba;MT
PREV20260331190951-1062;Cliente 1062;Rua 1062;Cuiaba;MT
PREV20260331190951-1063;Cliente 1063;Rua 1063;Cuiaba;MT
PREV20260331190951-1064;Cliente 1064;Rua 1064;Cuiaba;MT
PREV20260331190951-1065;Cliente 1065;Rua 1065;Cuiaba;MT
PREV20260331190951-1066;Cliente 1066;Rua 1066;Cuiaba;MT
PREV20260331190951-1067;Cliente 1067;Rua 1067;Cuiaba;MT
PREV20260331190951-1068;Cliente 1068;Rua 1068;Cuiaba;MT
PREV20260331190951-1069;Cliente 1069;Rua 1069;Cuiaba;MT
PREV20260331190951-1070;Cliente 1070;Rua 1070;Cuiaba;MT
PREV20260331190951-1071;Cliente 1071;Rua 1071;Cuiaba;MT
PREV20260331190951-1072;Cliente 1072;Rua 1072;Cuiaba;MT
PREV20260331190951-1073;Cliente 1073;Rua 1073;Cuiaba;MT
PREV20260331190951-1074;Cliente 1074;Rua 1074;Cuiaba;MT
PREV20260331190951-1075;Cliente 1075;Rua 1075;Cuiaba;MT
PREV20260331190951-1076;Cliente 1076;Rua 1076;Cuiaba;MT
PREV20260331190951-1077;Cliente 1077;Rua 1077;Cuiaba;MT
PREV20260331190951-1078;Cliente 1078;Rua 1078;Cuiaba;MT
PREV20260331190951-1079;Cliente 1079;Rua 1079;Cuiaba;MT
PREV20260331190951-1080;Cliente 1080;Rua 1080;Cuiaba;MT
PREV20260331190951-1081;Cliente 1081;Rua 1081;Cuiaba;MT
PREV20260331190951-1082;Cliente 1082;Rua 1082;Cuiaba;MT
PREV20260331190951-1083;Cliente 1083;Rua 1083;Cuiaba;MT
PREV20260331190951-1084;Cliente 1084;Rua 1084;Cuiaba;MT
PREV20260331190951-1085;Cliente 1085;Rua 1085;Cuiaba;MT
PREV20260331190951-1086;Cliente 1086;Rua 1086;Cuiaba;MT
PREV20260331190951-1087;Cliente 1087;Rua 1087;Cuiaba;MT
PREV20260331190951-1088;Cliente 1088;Rua 1088;Cuiaba;MT
PREV20260331190951-1089;Cliente 1089;Rua 1089;Cuiaba;MT
PREV20260331190951-1090;Cliente 1090;Rua 1090;Cuiaba;MT
PREV20260331190951-1091;Cliente 1091;Rua 1091;Cuiaba;MT
PREV20260331190951-1092;Cliente 1092;Rua 1092;Cuiaba;MT
PREV20260331190951-1093;Cliente 1093;Rua 1093;Cuiaba;MT
PREV20260331190951-1094;Cliente 1094;Rua 1094;Cuiaba;MT
PREV20260331190951-1095;Cliente 1095;Rua 1095;Cuiaba;MT
PREV20260331190951-1096;Cliente 1096;Rua 1096;Cuiaba;MT
PREV20260331190951-1097;Cliente 1097;Rua 1097;Cuiaba;MT
PREV20260331190951-1098;Cliente 1098;Rua 1098;Cuiaba;MT
PREV20260331190951-1099;Cliente 1099;Rua 1099;Cuiaba;MT
PREV20260331190951-1100;Cliente 1100;Rua 1100;Cuiaba;MT
PREV20260331190951-1101;Cliente 1101;Rua 1101;Cuiaba;MT
PREV20260331190951-1102;Cliente 1102;Rua 1102;Cuiaba;MT
PREV20260331190951-1103;Cliente 1103;Rua 1103;Cuiaba;MT
PREV20260331190951-1104;Cliente 1104;Rua 1104;Cuiaba;MT
PREV20260331190951-1105;Cliente 1105;Rua 1105;Cuiaba;MT
PREV20260331190951-1106;Cliente 1106;Rua 1106;Cuiaba;MT
PREV20260331190951-1107;Cliente 1107;Rua 1107;Cuiaba;MT
PREV20260331190951-1108;Cliente 1108;Rua 1108;Cuiaba;MT
PREV20260331190951-1109;Cliente 1109;Rua 1109;Cuiaba;MT
PREV20260331190951-1110;Cliente 1110;Rua 1110;Cuiaba;MT
PREV20260331190951-1111;Cliente 1111;Rua 1111;Cuiaba;MT
PREV20260331190951-1112;Cliente 1112;Rua 1112;Cuiaba;MT
PREV20260331190951-1113;Cliente 1113;Rua 1113;Cuiaba;MT
PREV20260331190951-1114;Cliente 1114;Rua 1114;Cuiaba;MT
PREV20260331190951-1115;Cliente 1115;Rua 1115;Cuiaba;MT
PREV20260331190951-1116;Cliente 1116;Rua 1116;Cuiaba;MT
PREV20260331190951-1117;Cliente 1117;Rua 1117;Cuiaba;MT
PREV20260331190951-1118;Cliente 1118;Rua 1118;Cuiaba;MT
PREV20260331190951-1119;Cliente 1119;Rua 1119;Cuiaba;MT
PREV20260331190951-1120;Cliente 1120;Rua 1120;Cuiaba;MT
PREV20260331190951-1121;Cliente 1121;Rua 1121;Cuiaba;MT
PREV20260331190951-1122;Cliente 1122;Rua 1122;Cuiaba;MT
PREV20260331190951-1123;Cliente 1123;Rua 1123;Cuiaba;MT
PREV20260331190951-1124;Cliente 1124;Rua 1124;Cuiaba;MT
PREV20260331190951-1125;Cliente 1125;Rua 1125;Cuiaba;MT
PREV20260331190951-1126;Cliente 1126;Rua 1126;Cuiaba;MT
PREV20260331190951-1127;Cliente 1127;Rua 1127;Cuiaba;MT
PREV20260331190951-1128;Cliente 1128;Rua 1128;Cuiaba;MT
PREV20260331190951-1129;Cliente 1129;Rua 1129;Cuiaba;MT
PREV20260331190951-1130;Cliente 1130;Rua 1130;Cuiaba;MT
PREV20260331190951-1131;Cliente 1131;Rua 1131;Cuiaba;MT
PREV20260331190951-1132;Cliente 1132;Rua 1132;Cuiaba;MT
PREV20260331190951-1133;Cliente 1133;Rua 1133;Cuiaba;MT
PREV20260331190951-1134;Cliente 1134;Rua 1134;Cuiaba;MT
PREV20260331190951-1135;Cliente 1135;Rua 1135;Cuiaba;MT
PREV20260331190951-1136;Cliente 1136;Rua 1136;Cuiaba;MT
PREV20260331190951-1137;Cliente 1137;Rua 1137;Cuiaba;MT
PREV20260331190951-1138;Cliente 1138;Rua 1138;Cuiaba;MT
PREV20260331190951-1139;Cliente 1139;Rua 1139;Cuiaba;MT
PREV20260331190951-1140;Cliente 1140;Rua 1140;Cuiaba;MT
PREV20260331190951-1141;Cliente 1141;Rua 1141;Cuiaba;MT
PREV20260331190951-1142;Cliente 1142;Rua 1142;Cuiaba;MT
PREV20260331190951-1143;Cliente 1143;Rua 1143;Cuiaba;MT
PREV20260331190951-1144;Cliente 1144;Rua 1144;Cuiaba;MT
PREV20260331190951-1145;Cliente 1145;Rua 1145;Cuiaba;MT
PREV20260331190951-1146;Cliente 1146;Rua 1146;Cuiaba;MT
PREV20260331190951-1147;Cliente 1147;Rua 1147;Cuiaba;MT
PREV20260331190951-1148;Cliente 1148;Rua 1148;Cuiaba;MT
PREV20260331190951-1149;Cliente 1149;Rua 1149;Cuiaba;MT
PREV20260331190951-1150;Cliente 1150;Rua 1150;Cuiaba;MT
PREV20260331190951-1151;Cliente 1151;Rua 1151;Cuiaba;MT
PREV20260331190951-1152;Cliente 1152;Rua 1152;Cuiaba;MT
PREV20260331190951-1153;Cliente 1153;Rua 1153;Cuiaba;MT
PREV20260331190951-1154;Cliente 1154;Rua 1154;Cuiaba;MT
PREV20260331190951-1155;Cliente 1155;Rua 1155;Cuiaba;MT
PREV20260331190951-1156;Cliente 1156;Rua 1156;Cuiaba;MT
PREV20260331190951-1157;Cliente 1157;Rua 1157;Cuiaba;MT
PREV20260331190951-1158;Cliente 1158;Rua 1158;Cuiaba;MT
PREV20260331190951-1159;Cliente 1159;Rua 1159;Cuiaba;MT
PREV20260331190951-1160;Cliente 1160;Rua 1160;Cuiaba;MT
PREV20260331190951-1161;Cliente 1161;Rua 1161;Cuiaba;MT
PREV20260331190951-1162;Cliente 1162;Rua 1162;Cuiaba;MT
PREV20260331190951-1163;Cliente 1163;Rua 1163;Cuiaba;MT
PREV20260331190951-1164;Cliente 1164;Rua 1164;Cuiaba;MT
PREV20260331190951-1165;Cliente 1165;Rua 1165;Cuiaba;MT
PREV20260331190951-1166;Cliente 1166;Rua 1166;Cuiaba;MT
PREV20260331190951-1167;Cliente 1167;Rua 1167;Cuiaba;MT
PREV20260331190951-1168;Cliente 1168;Rua 1168;Cuiaba;MT
PREV20260331190951-1169;Cliente 1169;Rua 1169;Cuiaba;MT
PREV20260331190951-1170;Cliente 1170;Rua 1170;Cuiaba;MT
PREV20260331190951-1171;Cliente 1171;Rua 1171;Cuiaba;MT
PREV20260331190951-1172;Cliente 1172;Rua 1172;Cuiaba;MT
PREV20260331190951-1173;Cliente 1173;Rua 1173;Cuiaba;MT
PREV20260331190951-1174;Cliente 1174;Rua 1174;Cuiaba;MT
PREV20260331190951-1175;Cliente 1175;Rua 1175;Cuiaba;MT
PREV20260331190951-1176;Cliente 1176;Rua 1176;Cuiaba;MT
PREV20260331190951-1177;Cliente 1177;Rua 1177;Cuiaba;MT
PREV20260331190951-1178;Cliente 1178;Rua 1178;Cuiaba;MT
PREV20260331190951-1179;Cliente 1179;Rua 1179;Cuiaba;MT
PREV20260331190951-1180;Cliente 1180;Rua 1180;Cuiaba;MT
PREV20260331190951-1181;Cliente 1181;Rua 1181;Cuiaba;MT
PREV20260331190951-1182;Cliente 1182;Rua 1182;Cuiaba;MT
PREV20260331190951-1183;Cliente 1183;Rua 1183;Cuiaba;MT
PREV20260331190951-1184;Cliente 1184;Rua 1184;Cuiaba;MT
PREV20260331190951-1185;Cliente 1185;Rua 1185;Cuiaba;MT
PREV20260331190951-1186;Cliente 1186;Rua 1186;Cuiaba;MT
PREV20260331190951-1187;Cliente 1187;Rua 1187;Cuiaba;MT
PREV20260331190951-1188;Cliente 1188;Rua 1188;Cuiaba;MT
PREV20260331190951-1189;Cliente 1189;Rua 1189;Cuiaba;MT
PREV20260331190951-1190;Cliente 1190;Rua 1190;Cuiaba;MT
PREV20260331190951-1191;Cliente 1191;Rua 1191;Cuiaba;MT
PREV20260331190951-1192;Cliente 1192;Rua 1192;Cuiaba;MT
PREV20260331190951-1193;Cliente 1193;Rua 1193;Cuiaba;MT
PREV20260331190951-1194;Cliente 1194;Rua 1194;Cuiaba;MT
PREV20260331190951-1195;Cliente 1195;Rua 1195;Cuiaba;MT
PREV20260331190951-1196;Cliente 1196;Rua 1196;Cuiaba;MT
PREV20260331190951-1197;Cliente 1197;Rua 1197;Cuiaba;MT
PREV20260331190951-1198;Cliente 1198;Rua 1198;Cuiaba;MT
PREV20260331190951-1199;Cliente 1199;Rua 1199;Cuiaba;MT
PREV20260331190951-1200;Cliente 1200;Rua 1200;Cuiaba;MT
PREV20260331190951-1201;Cliente 1201;Rua 1201;Cuiaba;MT
PREV20260331190951-1202;Cliente 1202;Rua 1202;Cuiaba;MT
PREV20260331190951-1203;Cliente 1203;Rua 1203;Cuiaba;MT
PREV20260331190951-1204;Cliente 1204;Rua 1204;Cuiaba;MT
PREV20260331190951-1205;Cliente 1205;Rua 1205;Cuiaba;MT
PREV20260331190951-1206;Cliente 1206;Rua 1206;Cuiaba;MT
PREV20260331190951-1207;Cliente 1207;Rua 1207;Cuiaba;MT
PREV20260331190951-1208;Cliente 1208;Rua 1208;Cuiaba;MT
PREV20260331190951-1209;Cliente 1209;Rua 1209;Cuiaba;MT
PREV20260331190951-1210;Cliente 1210;Rua 1210;Cuiaba;MT
PREV20260331190951-1211;Cliente 1211;Rua 1211;Cuiaba;MT
PREV20260331190951-1212;Cliente 1212;Rua 1212;Cuiaba;MT
PREV20260331190951-1213;Cliente 1213;Rua 1213;Cuiaba;MT
PREV20260331190951-1214;Cliente 1214;Rua 1214;Cuiaba;MT
PREV20260331190951-1215;Cliente 1215;Rua 1215;Cuiaba;MT
PREV20260331190951-1216;Cliente 1216;Rua 1216;Cuiaba;MT
PREV20260331190951-1217;Cliente 1217;Rua 1217;Cuiaba;MT
PREV20260331190951-1218;Cliente 1218;Rua 1218;Cuiaba;MT
PREV20260331190951-1219;Cliente 1219;Rua 1219;Cuiaba;MT
PREV20260331190951-1220;Cliente 1220;Rua 1220;Cuiaba;MT
PREV20260331190951-1221;Cliente 1221;Rua 1221;Cuiaba;MT
PREV20260331190951-1222;Cliente 1222;Rua 1222;Cuiaba;MT
PREV20260331190951-1223;Cliente 1223;Rua 1223;Cuiaba;MT
PREV20260331190951-1224;Cliente 1224;Rua 1224;Cuiaba;MT
PREV20260331190951-1225;Cliente 1225;Rua 1225;Cuiaba;MT
PREV20260331190951-1226;Cliente 1226;Rua 1226;Cuiaba;MT
PREV20260331190951-1227;Cliente 1227;Rua 1227;Cuiaba;MT
PREV20260331190951-1228;Cliente 1228;Rua 1228;Cuiaba;MT
PREV20260331190951-1229;Cliente 1229;Rua 1229;Cuiaba;MT
PREV20260331190951-1230;Cliente 1230;Rua 1230;Cuiaba;MT
PREV20260331190951-1231;Cliente 1231;Rua 1231;Cuiaba;MT
PREV20260331190951-1232;Cliente 1232;Rua 1232;Cuiaba;MT
PREV20260331190951-1233;Cliente 1233;Rua 1233;Cuiaba;MT
PREV20260331190951-1234;Cliente 1234;Rua 1234;Cuiaba;MT
PREV20260331190951-1235;Cliente 1235;Rua 1235;Cuiaba;MT
PREV20260331190951-1236;Cliente 1236;Rua 1236;Cuiaba;MT
PREV20260331190951-1237;Cliente 1237;Rua 1237;Cuiaba;MT
PREV20260331190951-1238;Cliente 1238;Rua 1238;Cuiaba;MT
PREV20260331190951-1239;Cliente 1239;Rua 1239;Cuiaba;MT
PREV20260331190951-1240;Cliente 1240;Rua 1240;Cuiaba;MT
PREV20260331190951-1241;Cliente 1241;Rua 1241;Cuiaba;MT
PREV20260331190951-1242;Cliente 1242;Rua 1242;Cuiaba;MT
PREV20260331190951-1243;Cliente 1243;Rua 1243;Cuiaba;MT
PREV20260331190951-1244;Cliente 1244;Rua 1244;Cuiaba;MT
PREV20260331190951-1245;Cliente 1245;Rua 1245;Cuiaba;MT
PREV20260331190951-1246;Cliente 1246;Rua 1246;Cuiaba;MT
PREV20260331190951-1247;Cliente 1247;Rua 1247;Cuiaba;MT
PREV20260331190951-1248;Cliente 1248;Rua 1248;Cuiaba;MT
PREV20260331190951-1249;Cliente 1249;Rua 1249;Cuiaba;MT
PREV20260331190951-1250;Cliente 1250;Rua 1250;Cuiaba;MT
PREV20260331190951-1251;Cliente 1251;Rua 1251;Cuiaba;MT
PREV20260331190951-1252;Cliente 1252;Rua 1252;Cuiaba;MT
PREV20260331190951-1253;Cliente 1253;Rua 1253;Cuiaba;MT
PREV20260331190951-1254;Cliente 1254;Rua 1254;Cuiaba;MT
PREV20260331190951-1255;Cliente 1255;Rua 1255;Cuiaba;MT
PREV20260331190951-1256;Cliente 1256;Rua 1256;Cuiaba;MT
PREV20260331190951-1257;Cliente 1257;Rua 1257;Cuiaba;MT
PREV20260331190951-1258;Cliente 1258;Rua 1258;Cuiaba;MT
PREV20260331190951-1259;Cliente 1259;Rua 1259;Cuiaba;MT
PREV20260331190951-1260;Cliente 1260;Rua 1260;Cuiaba;MT
PREV20260331190951-1261;Cliente 1261;Rua 1261;Cuiaba;MT
PREV20260331190951-1262;Cliente 1262;Rua 1262;Cuiaba;MT
PREV20260331190951-1263;Cliente 1263;Rua 1263;Cuiaba;MT
PREV20260331190951-1264;Cliente 1264;Rua 1264;Cuiaba;MT
PREV20260331190951-1265;Cliente 1265;Rua 1265;Cuiaba;MT
PREV20260331190951-1266;Cliente 1266;Rua 1266;Cuiaba;MT
PREV20260331190951-1267;Cliente 1267;Rua 1267;Cuiaba;MT
PREV20260331190951-1268;Cliente 1268;Rua 1268;Cuiaba;MT
PREV20260331190951-1269;Cliente 1269;Rua 1269;Cuiaba;MT
PREV20260331190951-1270;Cliente 1270;Rua 1270;Cuiaba;MT
PREV20260331190951-1271;Cliente 1271;Rua 1271;Cuiaba;MT
PREV20260331190951-1272;Cliente 1272;Rua 1272;Cuiaba;MT
PREV20260331190951-1273;Cliente 1273;Rua 1273;Cuiaba;MT
PREV20260331190951-1274;Cliente 1274;Rua 1274;Cuiaba;MT
PREV20260331190951-1275;Cliente 1275;Rua 1275;Cuiaba;MT
PREV20260331190951-1276;Cliente 1276;Rua 1276;Cuiaba;MT
PREV20260331190951-1277;Cliente 1277;Rua 1277;Cuiaba;MT
PREV20260331190951-1278;Cliente 1278;Rua 1278;Cuiaba;MT
PREV20260331190951-1279;Cliente 1279;Rua 1279;Cuiaba;MT
PREV20260331190951-1280;Cliente 1280;Rua 1280;Cuiaba;MT
PREV20260331190951-1281;Cliente 1281;Rua 1281;Cuiaba;MT
PREV20260331190951-1282;Cliente 1282;Rua 1282;Cuiaba;MT
PREV20260331190951-1283;Cliente 1283;Rua 1283;Cuiaba;MT
PREV20260331190951-1284;Cliente 1284;Rua 1284;Cuiaba;MT
PREV20260331190951-1285;Cliente 1285;Rua 1285;Cuiaba;MT
PREV20260331190951-1286;Cliente 1286;Rua 1286;Cuiaba;MT
PREV20260331190951-1287;Cliente 1287;Rua 1287;Cuiaba;MT
PREV20260331190951-1288;Cliente 1288;Rua 1288;Cuiaba;MT
PREV20260331190951-1289;Cliente 1289;Rua 1289;Cuiaba;MT
PREV20260331190951-1290;Cliente 1290;Rua 1290;Cuiaba;MT
PREV20260331190951-1291;Cliente 1291;Rua 1291;Cuiaba;MT
PREV20260331190951-1292;Cliente 1292;Rua 1292;Cuiaba;MT
PREV20260331190951-1293;Cliente 1293;Rua 1293;Cuiaba;MT
PREV20260331190951-1294;Cliente 1294;Rua 1294;Cuiaba;MT
PREV20260331190951-1295;Cliente 1295;Rua 1295;Cuiaba;MT
PREV20260331190951-1296;Cliente 1296;Rua 1296;Cuiaba;MT
PREV20260331190951-1297;Cliente 1297;Rua 1297;Cuiaba;MT
PREV20260331190951-1298;Cliente 1298;Rua 1298;Cuiaba;MT
PREV20260331190951-1299;Cliente 1299;Rua 1299;Cuiaba;MT
PREV20260331190951-1300;Cliente 1300;Rua 1300;Cuiaba;MT
PREV20260331190951-1301;Cliente 1301;Rua 1301;Cuiaba;MT
PREV20260331190951-1302;Cliente 1302;Rua 1302;Cuiaba;MT
PREV20260331190951-1303;Cliente 1303;Rua 1303;Cuiaba;MT
PREV20260331190951-1304;Cliente 1304;Rua 1304;Cuiaba;MT
PREV20260331190951-1305;Cliente 1305;Rua 1305;Cuiaba;MT
PREV20260331190951-1306;Cliente 1306;Rua 1306;Cuiaba;MT
PREV20260331190951-1307;Cliente 1307;Rua 1307;Cuiaba;MT
PREV20260331190951-1308;Cliente 1308;Rua 1308;Cuiaba;MT
PREV20260331190951-1309;Cliente 1309;Rua 1309;Cuiaba;MT
PREV20260331190951-1310;Cliente 1310;Rua 1310;Cuiaba;MT
PREV20260331190951-1311;Cliente 1311;Rua 1311;Cuiaba;MT
PREV20260331190951-1312;Cliente 1312;Rua 1312;Cuiaba;MT
PREV20260331190951-1313;Cliente 1313;Rua 1313;Cuiaba;MT
PREV20260331190951-1314;Cliente 1314;Rua 1314;Cuiaba;MT
PREV20260331190951-1315;Cliente 1315;Rua 1315;Cuiaba;MT
PREV20260331190951-1316;Cliente 1316;Rua 1316;Cuiaba;MT
PREV20260331190951-1317;Cliente 1317;Rua 1317;Cuiaba;MT
PREV20260331190951-1318;Cliente 1318;Rua 1318;Cuiaba;MT
PREV20260331190951-1319;Cliente 1319;Rua 1319;Cuiaba;MT
PREV20260331190951-1320;Cliente 1320;Rua 1320;Cuiaba;MT
PREV20260331190951-1321;Cliente 1321;Rua 1321;Cuiaba;MT
PREV20260331190951-1322;Cliente 1322;Rua 1322;Cuiaba;MT
PREV20260331190951-1323;Cliente 1323;Rua 1323;Cuiaba;MT
PREV20260331190951-1324;Cliente 1324;Rua 1324;Cuiaba;MT
PREV20260331190951-1325;Cliente 1325;Rua 1325;Cuiaba;MT
PREV20260331190951-1326;Cliente 1326;Rua 1326;Cuiaba;MT
PREV20260331190951-1327;Cliente 1327;Rua 1327;Cuiaba;MT
PREV20260331190951-1328;Cliente 1328;Rua 1328;Cuiaba;MT
PREV20260331190951-1329;Cliente 1329;Rua 1329;Cuiaba;MT
PREV20260331190951-1330;Cliente 1330;Rua 1330;Cuiaba;MT
PREV20260331190951-1331;Cliente 1331;Rua 1331;Cuiaba;MT
PREV20260331190951-1332;Cliente 1332;Rua 1332;Cuiaba;MT
PREV20260331190951-1333;Cliente 1333;Rua 1333;Cuiaba;MT
PREV20260331190951-1334;Cliente 1334;Rua 1334;Cuiaba;MT
PREV20260331190951-1335;Cliente 1335;Rua 1335;Cuiaba;MT
PREV20260331190951-1336;Cliente 1336;Rua 1336;Cuiaba;MT
PREV20260331190951-1337;Cliente 1337;Rua 1337;Cuiaba;MT
PREV20260331190951-1338;Cliente 1338;Rua 1338;Cuiaba;MT
PREV20260331190951-1339;Cliente 1339;Rua 1339;Cuiaba;MT
PREV20260331190951-1340;Cliente 1340;Rua 1340;Cuiaba;MT
PREV20260331190951-1341;Cliente 1341;Rua 1341;Cuiaba;MT
PREV20260331190951-1342;Cliente 1342;Rua 1342;Cuiaba;MT
PREV20260331190951-1343;Cliente 1343;Rua 1343;Cuiaba;MT
PREV20260331190951-1344;Cliente 1344;Rua 1344;Cuiaba;MT
PREV20260331190951-1345;Cliente 1345;Rua 1345;Cuiaba;MT
PREV20260331190951-1346;Cliente 1346;Rua 1346;Cuiaba;MT
PREV20260331190951-1347;Cliente 1347;Rua 1347;Cuiaba;MT
PREV20260331190951-1348;Cliente 1348;Rua 1348;Cuiaba;MT
PREV20260331190951-1349;Cliente 1349;Rua 1349;Cuiaba;MT
PREV20260331190951-1350;Cliente 1350;Rua 1350;Cuiaba;MT
PREV20260331190951-1351;Cliente 1351;Rua 1351;Cuiaba;MT
PREV20260331190951-1352;Cliente 1352;Rua 1352;Cuiaba;MT
PREV20260331190951-1353;Cliente 1353;Rua 1353;Cuiaba;MT
PREV20260331190951-1354;Cliente 1354;Rua 1354;Cuiaba;MT
PREV20260331190951-1355;Cliente 1355;Rua 1355;Cuiaba;MT
PREV20260331190951-1356;Cliente 1356;Rua 1356;Cuiaba;MT
PREV20260331190951-1357;Cliente 1357;Rua 1357;Cuiaba;MT
PREV20260331190951-1358;Cliente 1358;Rua 1358;Cuiaba;MT
PREV20260331190951-1359;Cliente 1359;Rua 1359;Cuiaba;MT
PREV20260331190951-1360;Cliente 1360;Rua 1360;Cuiaba;MT
PREV20260331190951-1361;Cliente 1361;Rua 1361;Cuiaba;MT
PREV20260331190951-1362;Cliente 1362;Rua 1362;Cuiaba;MT
PREV20260331190951-1363;Cliente 1363;Rua 1363;Cuiaba;MT
PREV20260331190951-1364;Cliente 1364;Rua 1364;Cuiaba;MT
PREV20260331190951-1365;Cliente 1365;Rua 1365;Cuiaba;MT
PREV20260331190951-1366;Cliente 1366;Rua 1366;Cuiaba;MT
PREV20260331190951-1367;Cliente 1367;Rua 1367;Cuiaba;MT
PREV20260331190951-1368;Cliente 1368;Rua 1368;Cuiaba;MT
PREV20260331190951-1369;Cliente 1369;Rua 1369;Cuiaba;MT
PREV20260331190951-1370;Cliente 1370;Rua 1370;Cuiaba;MT
PREV20260331190951-1371;Cliente 1371;Rua 1371;Cuiaba;MT
PREV20260331190951-1372;Cliente 1372;Rua 1372;Cuiaba;MT
PREV20260331190951-1373;Cliente 1373;Rua 1373;Cuiaba;MT
PREV20260331190951-1374;Cliente 1374;Rua 1374;Cuiaba;MT
PREV20260331190951-1375;Cliente 1375;Rua 1375;Cuiaba;MT
PREV20260331190951-1376;Cliente 1376;Rua 1376;Cuiaba;MT
PREV20260331190951-1377;Cliente 1377;Rua 1377;Cuiaba;MT
PREV20260331190951-1378;Cliente 1378;Rua 1378;Cuiaba;MT
PREV20260331190951-1379;Cliente 1379;Rua 1379;Cuiaba;MT
PREV20260331190951-1380;Cliente 1380;Rua 1380;Cuiaba;MT
PREV20260331190951-1381;Cliente 1381;Rua 1381;Cuiaba;MT
PREV20260331190951-1382;Cliente 1382;Rua 1382;Cuiaba;MT
PREV20260331190951-1383;Cliente 1383;Rua 1383;Cuiaba;MT
PREV20260331190951-1384;Cliente 1384;Rua 1384;Cuiaba;MT
PREV20260331190951-1385;Cliente 1385;Rua 1385;Cuiaba;MT
PREV20260331190951-1386;Cliente 1386;Rua 1386;Cuiaba;MT
PREV20260331190951-1387;Cliente 1387;Rua 1387;Cuiaba;MT
PREV20260331190951-1388;Cliente 1388;Rua 1388;Cuiaba;MT
PREV20260331190951-1389;Cliente 1389;Rua 1389;Cuiaba;MT
PREV20260331190951-1390;Cliente 1390;Rua 1390;Cuiaba;MT
PREV20260331190951-1391;Cliente 1391;Rua 1391;Cuiaba;MT
PREV20260331190951-1392;Cliente 1392;Rua 1392;Cuiaba;MT
PREV20260331190951-1393;Cliente 1393;Rua 1393;Cuiaba;MT
PREV20260331190951-1394;Cliente 1394;Rua 1394;Cuiaba;MT
PREV20260331190951-1395;Cliente 1395;Rua 1395;Cuiaba;MT
PREV20260331190951-1396;Cliente 1396;Rua 1396;Cuiaba;MT
PREV20260331190951-1397;Cliente 1397;Rua 1397;Cuiaba;MT
PREV20260331190951-1398;Cliente 1398;Rua 1398;Cuiaba;MT
PREV20260331190951-1399;Cliente 1399;Rua 1399;Cuiaba;MT
PREV20260331190951-1400;Cliente 1400;Rua 1400;Cuiaba;MT
PREV20260331190951-1401;Cliente 1401;Rua 1401;Cuiaba;MT
PREV20260331190951-1402;Cliente 1402;Rua 1402;Cuiaba;MT
PREV20260331190951-1403;Cliente 1403;Rua 1403;Cuiaba;MT
PREV20260331190951-1404;Cliente 1404;Rua 1404;Cuiaba;MT
PREV20260331190951-1405;Cliente 1405;Rua 1405;Cuiaba;MT
PREV20260331190951-1406;Cliente 1406;Rua 1406;Cuiaba;MT
PREV20260331190951-1407;Cliente 1407;Rua 1407;Cuiaba;MT
PREV20260331190951-1408;Cliente 1408;Rua 1408;Cuiaba;MT
PREV20260331190951-1409;Cliente 1409;Rua 1409;Cuiaba;MT
PREV20260331190951-1410;Cliente 1410;Rua 1410;Cuiaba;MT
PREV20260331190951-1411;Cliente 1411;Rua 1411;Cuiaba;MT
PREV20260331190951-1412;Cliente 1412;Rua 1412;Cuiaba;MT
PREV20260331190951-1413;Cliente 1413;Rua 1413;Cuiaba;MT
PREV20260331190951-1414;Cliente 1414;Rua 1414;Cuiaba;MT
PREV20260331190951-1415;Cliente 1415;Rua 1415;Cuiaba;MT
PREV20260331190951-1416;Cliente 1416;Rua 1416;Cuiaba;MT
PREV20260331190951-1417;Cliente 1417;Rua 1417;Cuiaba;MT
PREV20260331190951-1418;Cliente 1418;Rua 1418;Cuiaba;MT
PREV20260331190951-1419;Cliente 1419;Rua 1419;Cuiaba;MT
PREV20260331190951-1420;Cliente 1420;Rua 1420;Cuiaba;MT
PREV20260331190951-1421;Cliente 1421;Rua 1421;Cuiaba;MT
PREV20260331190951-1422;Cliente 1422;Rua 1422;Cuiaba;MT
PREV20260331190951-1423;Cliente 1423;Rua 1423;Cuiaba;MT
PREV20260331190951-1424;Cliente 1424;Rua 1424;Cuiaba;MT
PREV20260331190951-1425;Cliente 1425;Rua 1425;Cuiaba;MT
PREV20260331190951-1426;Cliente 1426;Rua 1426;Cuiaba;MT
PREV20260331190951-1427;Cliente 1427;Rua 1427;Cuiaba;MT
PREV20260331190951-1428;Cliente 1428;Rua 1428;Cuiaba;MT
PREV20260331190951-1429;Cliente 1429;Rua 1429;Cuiaba;MT
PREV20260331190951-1430;Cliente 1430;Rua 1430;Cuiaba;MT
PREV20260331190951-1431;Cliente 1431;Rua 1431;Cuiaba;MT
PREV20260331190951-1432;Cliente 1432;Rua 1432;Cuiaba;MT
PREV20260331190951-1433;Cliente 1433;Rua 1433;Cuiaba;MT
PREV20260331190951-1434;Cliente 1434;Rua 1434;Cuiaba;MT
PREV20260331190951-1435;Cliente 1435;Rua 1435;Cuiaba;MT
PREV20260331190951-1436;Cliente 1436;Rua 1436;Cuiaba;MT
PREV20260331190951-1437;Cliente 1437;Rua 1437;Cuiaba;MT
PREV20260331190951-1438;Cliente 1438;Rua 1438;Cuiaba;MT
PREV20260331190951-1439;Cliente 1439;Rua 1439;Cuiaba;MT
PREV20260331190951-1440;Cliente 1440;Rua 1440;Cuiaba;MT
PREV20260331190951-1441;Cliente 1441;Rua 1441;Cuiaba;MT
PREV20260331190951-1442;Cliente 1442;Rua 1442;Cuiaba;MT
PREV20260331190951-1443;Cliente 1443;Rua 1443;Cuiaba;MT
PREV20260331190951-1444;Cliente 1444;Rua 1444;Cuiaba;MT
PREV20260331190951-1445;Cliente 1445;Rua 1445;Cuiaba;MT
PREV20260331190951-1446;Cliente 1446;Rua 1446;Cuiaba;MT
PREV20260331190951-1447;Cliente 1447;Rua 1447;Cuiaba;MT
PREV20260331190951-1448;Cliente 1448;Rua 1448;Cuiaba;MT
PREV20260331190951-1449;Cliente 1449;Rua 1449;Cuiaba;MT
PREV20260331190951-1450;Cliente 1450;Rua 1450;Cuiaba;MT
PREV20260331190951-1451;Cliente 1451;Rua 1451;Cuiaba;MT
PREV20260331190951-1452;Cliente 1452;Rua 1452;Cuiaba;MT
PREV20260331190951-1453;Cliente 1453;Rua 1453;Cuiaba;MT
PREV20260331190951-1454;Cliente 1454;Rua 1454;Cuiaba;MT
PREV20260331190951-1455;Cliente 1455;Rua 1455;Cuiaba;MT
PREV20260331190951-1456;Cliente 1456;Rua 1456;Cuiaba;MT
PREV20260331190951-1457;Cliente 1457;Rua 1457;Cuiaba;MT
PREV20260331190951-1458;Cliente 1458;Rua 1458;Cuiaba;MT
PREV20260331190951-1459;Cliente 1459;Rua 1459;Cuiaba;MT
PREV20260331190951-1460;Cliente 1460;Rua 1460;Cuiaba;MT
PREV20260331190951-1461;Cliente 1461;Rua 1461;Cuiaba;MT
PREV20260331190951-1462;Cliente 1462;Rua 1462;Cuiaba;MT
PREV20260331190951-1463;Cliente 1463;Rua 1463;Cuiaba;MT
PREV20260331190951-1464;Cliente 1464;Rua 1464;Cuiaba;MT
PREV20260331190951-1465;Cliente 1465;Rua 1465;Cuiaba;MT
PREV20260331190951-1466;Cliente 1466;Rua 1466;Cuiaba;MT
PREV20260331190951-1467;Cliente 1467;Rua 1467;Cuiaba;MT
PREV20260331190951-1468;Cliente 1468;Rua 1468;Cuiaba;MT
PREV20260331190951-1469;Cliente 1469;Rua 1469;Cuiaba;MT
PREV20260331190951-1470;Cliente 1470;Rua 1470;Cuiaba;MT
PREV20260331190951-1471;Cliente 1471;Rua 1471;Cuiaba;MT
PREV20260331190951-1472;Cliente 1472;Rua 1472;Cuiaba;MT
PREV20260331190951-1473;Cliente 1473;Rua 1473;Cuiaba;MT
PREV20260331190951-1474;Cliente 1474;Rua 1474;Cuiaba;MT
PREV20260331190951-1475;Cliente 1475;Rua 1475;Cuiaba;MT
PREV20260331190951-1476;Cliente 1476;Rua 1476;Cuiaba;MT
PREV20260331190951-1477;Cliente 1477;Rua 1477;Cuiaba;MT
PREV20260331190951-1478;Cliente 1478;Rua 1478;Cuiaba;MT
PREV20260331190951-1479;Cliente 1479;Rua 1479;Cuiaba;MT
PREV20260331190951-1480;Cliente 1480;Rua 1480;Cuiaba;MT
PREV20260331190951-1481;Cliente 1481;Rua 1481;Cuiaba;MT
PREV20260331190951-1482;Cliente 1482;Rua 1482;Cuiaba;MT
PREV20260331190951-1483;Cliente 1483;Rua 1483;Cuiaba;MT
PREV20260331190951-1484;Cliente 1484;Rua 1484;Cuiaba;MT
PREV20260331190951-1485;Cliente 1485;Rua 1485;Cuiaba;MT
PREV20260331190951-1486;Cliente 1486;Rua 1486;Cuiaba;MT
PREV20260331190951-1487;Cliente 1487;Rua 1487;Cuiaba;MT
PREV20260331190951-1488;Cliente 1488;Rua 1488;Cuiaba;MT
PREV20260331190951-1489;Cliente 1489;Rua 1489;Cuiaba;MT
PREV20260331190951-1490;Cliente 1490;Rua 1490;Cuiaba;MT
PREV20260331190951-1491;Cliente 1491;Rua 1491;Cuiaba;MT
PREV20260331190951-1492;Cliente 1492;Rua 1492;Cuiaba;MT
PREV20260331190951-1493;Cliente 1493;Rua 1493;Cuiaba;MT
PREV20260331190951-1494;Cliente 1494;Rua 1494;Cuiaba;MT
PREV20260331190951-1495;Cliente 1495;Rua 1495;Cuiaba;MT
PREV20260331190951-1496;Cliente 1496;Rua 1496;Cuiaba;MT
PREV20260331190951-1497;Cliente 1497;Rua 1497;Cuiaba;MT
PREV20260331190951-1498;Cliente 1498;Rua 1498;Cuiaba;MT
PREV20260331190951-1499;Cliente 1499;Rua 1499;Cuiaba;MT
PREV20260331190951-1500;Cliente 1500;Rua 1500;Cuiaba;MT
PREV20260331190951-1501;Cliente 1501;Rua 1501;Cuiaba;MT
PREV20260331190951-1502;Cliente 1502;Rua 1502;Cuiaba;MT
PREV20260331190951-1503;Cliente 1503;Rua 1503;Cuiaba;MT
PREV20260331190951-1504;Cliente 1504;Rua 1504;Cuiaba;MT
PREV20260331190951-1505;Cliente 1505;Rua 1505;Cuiaba;MT
PREV20260331190951-1506;Cliente 1506;Rua 1506;Cuiaba;MT
PREV20260331190951-1507;Cliente 1507;Rua 1507;Cuiaba;MT
PREV20260331190951-1508;Cliente 1508;Rua 1508;Cuiaba;MT
PREV20260331190951-1509;Cliente 1509;Rua 1509;Cuiaba;MT
PREV20260331190951-1510;Cliente 1510;Rua 1510;Cuiaba;MT
PREV20260331190951-1511;Cliente 1511;Rua 1511;Cuiaba;MT
PREV20260331190951-1512;Cliente 1512;Rua 1512;Cuiaba;MT
PREV20260331190951-1513;Cliente 1513;Rua 1513;Cuiaba;MT
PREV20260331190951-1514;Cliente 1514;Rua 1514;Cuiaba;MT
PREV20260331190951-1515;Cliente 1515;Rua 1515;Cuiaba;MT
PREV20260331190951-1516;Cliente 1516;Rua 1516;Cuiaba;MT
PREV20260331190951-1517;Cliente 1517;Rua 1517;Cuiaba;MT
PREV20260331190951-1518;Cliente 1518;Rua 1518;Cuiaba;MT
PREV20260331190951-1519;Cliente 1519;Rua 1519;Cuiaba;MT
PREV20260331190951-1520;Cliente 1520;Rua 1520;Cuiaba;MT
PREV20260331190951-1521;Cliente 1521;Rua 1521;Cuiaba;MT
PREV20260331190951-1522;Cliente 1522;Rua 1522;Cuiaba;MT
PREV20260331190951-1523;Cliente 1523;Rua 1523;Cuiaba;MT
PREV20260331190951-1524;Cliente 1524;Rua 1524;Cuiaba;MT
PREV20260331190951-1525;Cliente 1525;Rua 1525;Cuiaba;MT
PREV20260331190951-1526;Cliente 1526;Rua 1526;Cuiaba;MT
PREV20260331190951-1527;Cliente 1527;Rua 1527;Cuiaba;MT
PREV20260331190951-1528;Cliente 1528;Rua 1528;Cuiaba;MT
PREV20260331190951-1529;Cliente 1529;Rua 1529;Cuiaba;MT
PREV20260331190951-1530;Cliente 1530;Rua 1530;Cuiaba;MT
PREV20260331190951-1531;Cliente 1531;Rua 1531;Cuiaba;MT
PREV20260331190951-1532;Cliente 1532;Rua 1532;Cuiaba;MT
PREV20260331190951-1533;Cliente 1533;Rua 1533;Cuiaba;MT
PREV20260331190951-1534;Cliente 1534;Rua 1534;Cuiaba;MT
PREV20260331190951-1535;Cliente 1535;Rua 1535;Cuiaba;MT
PREV20260331190951-1536;Cliente 1536;Rua 1536;Cuiaba;MT
PREV20260331190951-1537;Cliente 1537;Rua 1537;Cuiaba;MT
PREV20260331190951-1538;Cliente 1538;Rua 1538;Cuiaba;MT
PREV20260331190951-1539;Cliente 1539;Rua 1539;Cuiaba;MT
PREV20260331190951-1540;Cliente 1540;Rua 1540;Cuiaba;MT
PREV20260331190951-1541;Cliente 1541;Rua 1541;Cuiaba;MT
PREV20260331190951-1542;Cliente 1542;Rua 1542;Cuiaba;MT
PREV20260331190951-1543;Cliente 1543;Rua 1543;Cuiaba;MT
PREV20260331190951-1544;Cliente 1544;Rua 1544;Cuiaba;MT
PREV20260331190951-1545;Cliente 1545;Rua 1545;Cuiaba;MT
PREV20260331190951-1546;Cliente 1546;Rua 1546;Cuiaba;MT
PREV20260331190951-1547;Cliente 1547;Rua 1547;Cuiaba;MT
PREV20260331190951-1548;Cliente 1548;Rua 1548;Cuiaba;MT
PREV20260331190951-1549;Cliente 1549;Rua 1549;Cuiaba;MT
PREV20260331190951-1550;Cliente 1550;Rua 1550;Cuiaba;MT
PREV20260331190951-1551;Cliente 1551;Rua 1551;Cuiaba;MT
PREV20260331190951-1552;Cliente 1552;Rua 1552;Cuiaba;MT
PREV20260331190951-1553;Cliente 1553;Rua 1553;Cuiaba;MT
PREV20260331190951-1554;Cliente 1554;Rua 1554;Cuiaba;MT
PREV20260331190951-1555;Cliente 1555;Rua 1555;Cuiaba;MT
PREV20260331190951-1556;Cliente 1556;Rua 1556;Cuiaba;MT
PREV20260331190951-1557;Cliente 1557;Rua 1557;Cuiaba;MT
PREV20260331190951-1558;Cliente 1558;Rua 1558;Cuiaba;MT
PREV20260331190951-1559;Cliente 1559;Rua 1559;Cuiaba;MT
PREV20260331190951-1560;Cliente 1560;Rua 1560;Cuiaba;MT
PREV20260331190951-1561;Cliente 1561;Rua 1561;Cuiaba;MT
PREV20260331190951-1562;Cliente 1562;Rua 1562;Cuiaba;MT
PREV20260331190951-1563;Cliente 1563;Rua 1563;Cuiaba;MT
PREV20260331190951-1564;Cliente 1564;Rua 1564;Cuiaba;MT
PREV20260331190951-1565;Cliente 1565;Rua 1565;Cuiaba;MT
PREV20260331190951-1566;Cliente 1566;Rua 1566;Cuiaba;MT
PREV20260331190951-1567;Cliente 1567;Rua 1567;Cuiaba;MT
PREV20260331190951-1568;Cliente 1568;Rua 1568;Cuiaba;MT
PREV20260331190951-1569;Cliente 1569;Rua 1569;Cuiaba;MT
PREV20260331190951-1570;Cliente 1570;Rua 1570;Cuiaba;MT
PREV20260331190951-1571;Cliente 1571;Rua 1571;Cuiaba;MT
PREV20260331190951-1572;Cliente 1572;Rua 1572;Cuiaba;MT
PREV20260331190951-1573;Cliente 1573;Rua 1573;Cuiaba;MT
PREV20260331190951-1574;Cliente 1574;Rua 1574;Cuiaba;MT
PREV20260331190951-1575;Cliente 1575;Rua 1575;Cuiaba;MT
PREV20260331190951-1576;Cliente 1576;Rua 1576;Cuiaba;MT
PREV20260331190951-1577;Cliente 1577;Rua 1577;Cuiaba;MT
PREV20260331190951-1578;Cliente 1578;Rua 1578;Cuiaba;MT
PREV20260331190951-1579;Cliente 1579;Rua 1579;Cuiaba;MT
PREV20260331190951-1580;Cliente 1580;Rua 1580;Cuiaba;MT
PREV20260331190951-1581;Cliente 1581;Rua 1581;Cuiaba;MT
PREV20260331190951-1582;Cliente 1582;Rua 1582;Cuiaba;MT
PREV20260331190951-1583;Cliente 1583;Rua 1583;Cuiaba;MT
PREV20260331190951-1584;Cliente 1584;Rua 1584;Cuiaba;MT
PREV20260331190951-1585;Cliente 1585;Rua 1585;Cuiaba;MT
PREV20260331190951-1586;Cliente 1586;Rua 1586;Cuiaba;MT
PREV20260331190951-1587;Cliente 1587;Rua 1587;Cuiaba;MT
PREV20260331190951-1588;Cliente 1588;Rua 1588;Cuiaba;MT
PREV20260331190951-1589;Cliente 1589;Rua 1589;Cuiaba;MT
PREV20260331190951-1590;Cliente 1590;Rua 1590;Cuiaba;MT
PREV20260331190951-1591;Cliente 1591;Rua 1591;Cuiaba;MT
PREV20260331190951-1592;Cliente 1592;Rua 1592;Cuiaba;MT
PREV20260331190951-1593;Cliente 1593;Rua 1593;Cuiaba;MT
PREV20260331190951-1594;Cliente 1594;Rua 1594;Cuiaba;MT
PREV20260331190951-1595;Cliente 1595;Rua 1595;Cuiaba;MT
PREV20260331190951-1596;Cliente 1596;Rua 1596;Cuiaba;MT
PREV20260331190951-1597;Cliente 1597;Rua 1597;Cuiaba;MT
PREV20260331190951-1598;Cliente 1598;Rua 1598;Cuiaba;MT
PREV20260331190951-1599;Cliente 1599;Rua 1599;Cuiaba;MT
PREV20260331190951-1600;Cliente 1600;Rua 1600;Cuiaba;MT
PREV20260331190951-1601;Cliente 1601;Rua 1601;Cuiaba;MT
PREV20260331190951-1602;Cliente 1602;Rua 1602;Cuiaba;MT
PREV20260331190951-1603;Cliente 1603;Rua 1603;Cuiaba;MT
PREV20260331190951-1604;Cliente 1604;Rua 1604;Cuiaba;MT
PREV20260331190951-1605;Cliente 1605;Rua 1605;Cuiaba;MT
PREV20260331190951-1606;Cliente 1606;Rua 1606;Cuiaba;MT
PREV20260331190951-1607;Cliente 1607;Rua 1607;Cuiaba;MT
PREV20260331190951-1608;Cliente 1608;Rua 1608;Cuiaba;MT
PREV20260331190951-1609;Cliente 1609;Rua 1609;Cuiaba;MT
PREV20260331190951-1610;Cliente 1610;Rua 1610;Cuiaba;MT
PREV20260331190951-1611;Cliente 1611;Rua 1611;Cuiaba;MT
PREV20260331190951-1612;Cliente 1612;Rua 1612;Cuiaba;MT
PREV20260331190951-1613;Cliente 1613;Rua 1613;Cuiaba;MT
PREV20260331190951-1614;Cliente 1614;Rua 1614;Cuiaba;MT
PREV20260331190951-1615;Cliente 1615;Rua 1615;Cuiaba;MT
PREV20260331190951-1616;Cliente 1616;Rua 1616;Cuiaba;MT
PREV20260331190951-1617;Cliente 1617;Rua 1617;Cuiaba;MT
PREV20260331190951-1618;Cliente 1618;Rua 1618;Cuiaba;MT
PREV20260331190951-1619;Cliente 1619;Rua 1619;Cuiaba;MT
PREV20260331190951-1620;Cliente 1620;Rua 1620;Cuiaba;MT
PREV20260331190951-1621;Cliente 1621;Rua 1621;Cuiaba;MT
PREV20260331190951-1622;Cliente 1622;Rua 1622;Cuiaba;MT
PREV20260331190951-1623;Cliente 1623;Rua 1623;Cuiaba;MT
PREV20260331190951-1624;Cliente 1624;Rua 1624;Cuiaba;MT
PREV20260331190951-1625;Cliente 1625;Rua 1625;Cuiaba;MT
PREV20260331190951-1626;Cliente 1626;Rua 1626;Cuiaba;MT
PREV20260331190951-1627;Cliente 1627;Rua 1627;Cuiaba;MT
PREV20260331190951-1628;Cliente 1628;Rua 1628;Cuiaba;MT
PREV20260331190951-1629;Cliente 1629;Rua 1629;Cuiaba;MT
PREV20260331190951-1630;Cliente 1630;Rua 1630;Cuiaba;MT
PREV20260331190951-1631;Cliente 1631;Rua 1631;Cuiaba;MT
PREV20260331190951-1632;Cliente 1632;Rua 1632;Cuiaba;MT
PREV20260331190951-1633;Cliente 1633;Rua 1633;Cuiaba;MT
PREV20260331190951-1634;Cliente 1634;Rua 1634;Cuiaba;MT
PREV20260331190951-1635;Cliente 1635;Rua 1635;Cuiaba;MT
PREV20260331190951-1636;Cliente 1636;Rua 1636;Cuiaba;MT
PREV20260331190951-1637;Cliente 1637;Rua 1637;Cuiaba;MT
PREV20260331190951-1638;Cliente 1638;Rua 1638;Cuiaba;MT
PREV20260331190951-1639;Cliente 1639;Rua 1639;Cuiaba;MT
PREV20260331190951-1640;Cliente 1640;Rua 1640;Cuiaba;MT
PREV20260331190951-1641;Cliente 1641;Rua 1641;Cuiaba;MT
PREV20260331190951-1642;Cliente 1642;Rua 1642;Cuiaba;MT
PREV20260331190951-1643;Cliente 1643;Rua 1643;Cuiaba;MT
PREV20260331190951-1644;Cliente 1644;Rua 1644;Cuiaba;MT
PREV20260331190951-1645;Cliente 1645;Rua 1645;Cuiaba;MT
PREV20260331190951-1646;Cliente 1646;Rua 1646;Cuiaba;MT
PREV20260331190951-1647;Cliente 1647;Rua 1647;Cuiaba;MT
PREV20260331190951-1648;Cliente 1648;Rua 1648;Cuiaba;MT
PREV20260331190951-1649;Cliente 1649;Rua 1649;Cuiaba;MT
PREV20260331190951-1650;Cliente 1650;Rua 1650;Cuiaba;MT
PREV20260331190951-1651;Cliente 1651;Rua 1651;Cuiaba;MT
PREV20260331190951-1652;Cliente 1652;Rua 1652;Cuiaba;MT
PREV20260331190951-1653;Cliente 1653;Rua 1653;Cuiaba;MT
PREV20260331190951-1654;Cliente 1654;Rua 1654;Cuiaba;MT
PREV20260331190951-1655;Cliente 1655;Rua 1655;Cuiaba;MT
PREV20260331190951-1656;Cliente 1656;Rua 1656;Cuiaba;MT
PREV20260331190951-1657;Cliente 1657;Rua 1657;Cuiaba;MT
PREV20260331190951-1658;Cliente 1658;Rua 1658;Cuiaba;MT
PREV20260331190951-1659;Cliente 1659;Rua 1659;Cuiaba;MT
PREV20260331190951-1660;Cliente 1660;Rua 1660;Cuiaba;MT
PREV20260331190951-1661;Cliente 1661;Rua 1661;Cuiaba;MT
PREV20260331190951-1662;Cliente 1662;Rua 1662;Cuiaba;MT
PREV20260331190951-1663;Cliente 1663;Rua 1663;Cuiaba;MT
PREV20260331190951-1664;Cliente 1664;Rua 1664;Cuiaba;MT
PREV20260331190951-1665;Cliente 1665;Rua 1665;Cuiaba;MT
PREV20260331190951-1666;Cliente 1666;Rua 1666;Cuiaba;MT
PREV20260331190951-1667;Cliente 1667;Rua 1667;Cuiaba;MT
PREV20260331190951-1668;Cliente 1668;Rua 1668;Cuiaba;MT
PREV20260331190951-1669;Cliente 1669;Rua 1669;Cuiaba;MT
PREV20260331190951-1670;Cliente 1670;Rua 1670;Cuiaba;MT
PREV20260331190951-1671;Cliente 1671;Rua 1671;Cuiaba;MT
PREV20260331190951-1672;Cliente 1672;Rua 1672;Cuiaba;MT
PREV20260331190951-1673;Cliente 1673;Rua 1673;Cuiaba;MT
PREV20260331190951-1674;Cliente 1674;Rua 1674;Cuiaba;MT
PREV20260331190951-1675;Cliente 1675;Rua 1675;Cuiaba;MT
PREV20260331190951-1676;Cliente 1676;Rua 1676;Cuiaba;MT
PREV20260331190951-1677;Cliente 1677;Rua 1677;Cuiaba;MT
PREV20260331190951-1678;Cliente 1678;Rua 1678;Cuiaba;MT
PREV20260331190951-1679;Cliente 1679;Rua 1679;Cuiaba;MT
PREV20260331190951-1680;Cliente 1680;Rua 1680;Cuiaba;MT
PREV20260331190951-1681;Cliente 1681;Rua 1681;Cuiaba;MT
PREV20260331190951-1682;Cliente 1682;Rua 1682;Cuiaba;MT
PREV20260331190951-1683;Cliente 1683;Rua 1683;Cuiaba;MT
PREV20260331190951-1684;Cliente 1684;Rua 1684;Cuiaba;MT
PREV20260331190951-1685;Cliente 1685;Rua 1685;Cuiaba;MT
PREV20260331190951-1686;Cliente 1686;Rua 1686;Cuiaba;MT
PREV20260331190951-1687;Cliente 1687;Rua 1687;Cuiaba;MT
PREV20260331190951-1688;Cliente 1688;Rua 1688;Cuiaba;MT
PREV20260331190951-1689;Cliente 1689;Rua 1689;Cuiaba;MT
PREV20260331190951-1690;Cliente 1690;Rua 1690;Cuiaba;MT
PREV20260331190951-1691;Cliente 1691;Rua 1691;Cuiaba;MT
PREV20260331190951-1692;Cliente 1692;Rua 1692;Cuiaba;MT
PREV20260331190951-1693;Cliente 1693;Rua 1693;Cuiaba;MT
PREV20260331190951-1694;Cliente 1694;Rua 1694;Cuiaba;MT
PREV20260331190951-1695;Cliente 1695;Rua 1695;Cuiaba;MT
PREV20260331190951-1696;Cliente 1696;Rua 1696;Cuiaba;MT
PREV20260331190951-1697;Cliente 1697;Rua 1697;Cuiaba;MT
PREV20260331190951-1698;Cliente 1698;Rua 1698;Cuiaba;MT
PREV20260331190951-1699;Cliente 1699;Rua 1699;Cuiaba;MT
PREV20260331190951-1700;Cliente 1700;Rua 1700;Cuiaba;MT
PREV20260331190951-1701;Cliente 1701;Rua 1701;Cuiaba;MT
PREV20260331190951-1702;Cliente 1702;Rua 1702;Cuiaba;MT
PREV20260331190951-1703;Cliente 1703;Rua 1703;Cuiaba;MT
PREV20260331190951-1704;Cliente 1704;Rua 1704;Cuiaba;MT
PREV20260331190951-1705;Cliente 1705;Rua 1705;Cuiaba;MT
PREV20260331190951-1706;Cliente 1706;Rua 1706;Cuiaba;MT
PREV20260331190951-1707;Cliente 1707;Rua 1707;Cuiaba;MT
PREV20260331190951-1708;Cliente 1708;Rua 1708;Cuiaba;MT
PREV20260331190951-1709;Cliente 1709;Rua 1709;Cuiaba;MT
PREV20260331190951-1710;Cliente 1710;Rua 1710;Cuiaba;MT
PREV20260331190951-1711;Cliente 1711;Rua 1711;Cuiaba;MT
PREV20260331190951-1712;Cliente 1712;Rua 1712;Cuiaba;MT
PREV20260331190951-1713;Cliente 1713;Rua 1713;Cuiaba;MT
PREV20260331190951-1714;Cliente 1714;Rua 1714;Cuiaba;MT
PREV20260331190951-1715;Cliente 1715;Rua 1715;Cuiaba;MT
PREV20260331190951-1716;Cliente 1716;Rua 1716;Cuiaba;MT
PREV20260331190951-1717;Cliente 1717;Rua 1717;Cuiaba;MT
PREV20260331190951-1718;Cliente 1718;Rua 1718;Cuiaba;MT
PREV20260331190951-1719;Cliente 1719;Rua 1719;Cuiaba;MT
PREV20260331190951-1720;Cliente 1720;Rua 1720;Cuiaba;MT
PREV20260331190951-1721;Cliente 1721;Rua 1721;Cuiaba;MT
PREV20260331190951-1722;Cliente 1722;Rua 1722;Cuiaba;MT
PREV20260331190951-1723;Cliente 1723;Rua 1723;Cuiaba;MT
PREV20260331190951-1724;Cliente 1724;Rua 1724;Cuiaba;MT
PREV20260331190951-1725;Cliente 1725;Rua 1725;Cuiaba;MT
PREV20260331190951-1726;Cliente 1726;Rua 1726;Cuiaba;MT
PREV20260331190951-1727;Cliente 1727;Rua 1727;Cuiaba;MT
PREV20260331190951-1728;Cliente 1728;Rua 1728;Cuiaba;MT
PREV20260331190951-1729;Cliente 1729;Rua 1729;Cuiaba;MT
PREV20260331190951-1730;Cliente 1730;Rua 1730;Cuiaba;MT
PREV20260331190951-1731;Cliente 1731;Rua 1731;Cuiaba;MT
PREV20260331190951-1732;Cliente 1732;Rua 1732;Cuiaba;MT
PREV20260331190951-1733;Cliente 1733;Rua 1733;Cuiaba;MT
PREV20260331190951-1734;Cliente 1734;Rua 1734;Cuiaba;MT
PREV20260331190951-1735;Cliente 1735;Rua 1735;Cuiaba;MT
PREV20260331190951-1736;Cliente 1736;Rua 1736;Cuiaba;MT
PREV20260331190951-1737;Cliente 1737;Rua 1737;Cuiaba;MT
PREV20260331190951-1738;Cliente 1738;Rua 1738;Cuiaba;MT
PREV20260331190951-1739;Cliente 1739;Rua 1739;Cuiaba;MT
PREV20260331190951-1740;Cliente 1740;Rua 1740;Cuiaba;MT
PREV20260331190951-1741;Cliente 1741;Rua 1741;Cuiaba;MT
PREV20260331190951-1742;Cliente 1742;Rua 1742;Cuiaba;MT
PREV20260331190951-1743;Cliente 1743;Rua 1743;Cuiaba;MT
PREV20260331190951-1744;Cliente 1744;Rua 1744;Cuiaba;MT
PREV20260331190951-1745;Cliente 1745;Rua 1745;Cuiaba;MT
PREV20260331190951-1746;Cliente 1746;Rua 1746;Cuiaba;MT
PREV20260331190951-1747;Cliente 1747;Rua 1747;Cuiaba;MT
PREV20260331190951-1748;Cliente 1748;Rua 1748;Cuiaba;MT
PREV20260331190951-1749;Cliente 1749;Rua 1749;Cuiaba;MT
PREV20260331190951-1750;Cliente 1750;Rua 1750;Cuiaba;MT
PREV20260331190951-1751;Cliente 1751;Rua 1751;Cuiaba;MT
PREV20260331190951-1752;Cliente 1752;Rua 1752;Cuiaba;MT
PREV20260331190951-1753;Cliente 1753;Rua 1753;Cuiaba;MT
PREV20260331190951-1754;Cliente 1754;Rua 1754;Cuiaba;MT
PREV20260331190951-1755;Cliente 1755;Rua 1755;Cuiaba;MT
PREV20260331190951-1756;Cliente 1756;Rua 1756;Cuiaba;MT
PREV20260331190951-1757;Cliente 1757;Rua 1757;Cuiaba;MT
PREV20260331190951-1758;Cliente 1758;Rua 1758;Cuiaba;MT
PREV20260331190951-1759;Cliente 1759;Rua 1759;Cuiaba;MT
PREV20260331190951-1760;Cliente 1760;Rua 1760;Cuiaba;MT
PREV20260331190951-1761;Cliente 1761;Rua 1761;Cuiaba;MT
PREV20260331190951-1762;Cliente 1762;Rua 1762;Cuiaba;MT
PREV20260331190951-1763;Cliente 1763;Rua 1763;Cuiaba;MT
PREV20260331190951-1764;Cliente 1764;Rua 1764;Cuiaba;MT
PREV20260331190951-1765;Cliente 1765;Rua 1765;Cuiaba;MT
PREV20260331190951-1766;Cliente 1766;Rua 1766;Cuiaba;MT
PREV20260331190951-1767;Cliente 1767;Rua 1767;Cuiaba;MT
PREV20260331190951-1768;Cliente 1768;Rua 1768;Cuiaba;MT
PREV20260331190951-1769;Cliente 1769;Rua 1769;Cuiaba;MT
PREV20260331190951-1770;Cliente 1770;Rua 1770;Cuiaba;MT
PREV20260331190951-1771;Cliente 1771;Rua 1771;Cuiaba;MT
PREV20260331190951-1772;Cliente 1772;Rua 1772;Cuiaba;MT
PREV20260331190951-1773;Cliente 1773;Rua 1773;Cuiaba;MT
PREV20260331190951-1774;Cliente 1774;Rua 1774;Cuiaba;MT
PREV20260331190951-1775;Cliente 1775;Rua 1775;Cuiaba;MT
PREV20260331190951-1776;Cliente 1776;Rua 1776;Cuiaba;MT
PREV20260331190951-1777;Cliente 1777;Rua 1777;Cuiaba;MT
PREV20260331190951-1778;Cliente 1778;Rua 1778;Cuiaba;MT
PREV20260331190951-1779;Cliente 1779;Rua 1779;Cuiaba;MT
PREV20260331190951-1780;Cliente 1780;Rua 1780;Cuiaba;MT
PREV20260331190951-1781;Cliente 1781;Rua 1781;Cuiaba;MT
PREV20260331190951-1782;Cliente 1782;Rua 1782;Cuiaba;MT
PREV20260331190951-1783;Cliente 1783;Rua 1783;Cuiaba;MT
PREV20260331190951-1784;Cliente 1784;Rua 1784;Cuiaba;MT
PREV20260331190951-1785;Cliente 1785;Rua 1785;Cuiaba;MT
PREV20260331190951-1786;Cliente 1786;Rua 1786;Cuiaba;MT
PREV20260331190951-1787;Cliente 1787;Rua 1787;Cuiaba;MT
PREV20260331190951-1788;Cliente 1788;Rua 1788;Cuiaba;MT
PREV20260331190951-1789;Cliente 1789;Rua 1789;Cuiaba;MT
PREV20260331190951-1790;Cliente 1790;Rua 1790;Cuiaba;MT
PREV20260331190951-1791;Cliente 1791;Rua 1791;Cuiaba;MT
PREV20260331190951-1792;Cliente 1792;Rua 1792;Cuiaba;MT
PREV20260331190951-1793;Cliente 1793;Rua 1793;Cuiaba;MT
PREV20260331190951-1794;Cliente 1794;Rua 1794;Cuiaba;MT
PREV20260331190951-1795;Cliente 1795;Rua 1795;Cuiaba;MT
PREV20260331190951-1796;Cliente 1796;Rua 1796;Cuiaba;MT
PREV20260331190951-1797;Cliente 1797;Rua 1797;Cuiaba;MT
PREV20260331190951-1798;Cliente 1798;Rua 1798;Cuiaba;MT
PREV20260331190951-1799;Cliente 1799;Rua 1799;Cuiaba;MT
PREV20260331190951-1800;Cliente 1800;Rua 1800;Cuiaba;MT
PREV20260331190951-1801;Cliente 1801;Rua 1801;Cuiaba;MT
PREV20260331190951-1802;Cliente 1802;Rua 1802;Cuiaba;MT
PREV20260331190951-1803;Cliente 1803;Rua 1803;Cuiaba;MT
PREV20260331190951-1804;Cliente 1804;Rua 1804;Cuiaba;MT
PREV20260331190951-1805;Cliente 1805;Rua 1805;Cuiaba;MT
PREV20260331190951-1806;Cliente 1806;Rua 1806;Cuiaba;MT
PREV20260331190951-1807;Cliente 1807;Rua 1807;Cuiaba;MT
PREV20260331190951-1808;Cliente 1808;Rua 1808;Cuiaba;MT
PREV20260331190951-1809;Cliente 1809;Rua 1809;Cuiaba;MT
PREV20260331190951-1810;Cliente 1810;Rua 1810;Cuiaba;MT
PREV20260331190951-1811;Cliente 1811;Rua 1811;Cuiaba;MT
PREV20260331190951-1812;Cliente 1812;Rua 1812;Cuiaba;MT
PREV20260331190951-1813;Cliente 1813;Rua 1813;Cuiaba;MT
PREV20260331190951-1814;Cliente 1814;Rua 1814;Cuiaba;MT
PREV20260331190951-1815;Cliente 1815;Rua 1815;Cuiaba;MT
PREV20260331190951-1816;Cliente 1816;Rua 1816;Cuiaba;MT
PREV20260331190951-1817;Cliente 1817;Rua 1817;Cuiaba;MT
PREV20260331190951-1818;Cliente 1818;Rua 1818;Cuiaba;MT
PREV20260331190951-1819;Cliente 1819;Rua 1819;Cuiaba;MT
PREV20260331190951-1820;Cliente 1820;Rua 1820;Cuiaba;MT
PREV20260331190951-1821;Cliente 1821;Rua 1821;Cuiaba;MT
PREV20260331190951-1822;Cliente 1822;Rua 1822;Cuiaba;MT
PREV20260331190951-1823;Cliente 1823;Rua 1823;Cuiaba;MT
PREV20260331190951-1824;Cliente 1824;Rua 1824;Cuiaba;MT
PREV20260331190951-1825;Cliente 1825;Rua 1825;Cuiaba;MT
PREV20260331190951-1826;Cliente 1826;Rua 1826;Cuiaba;MT
PREV20260331190951-1827;Cliente 1827;Rua 1827;Cuiaba;MT
PREV20260331190951-1828;Cliente 1828;Rua 1828;Cuiaba;MT
PREV20260331190951-1829;Cliente 1829;Rua 1829;Cuiaba;MT
PREV20260331190951-1830;Cliente 1830;Rua 1830;Cuiaba;MT
PREV20260331190951-1831;Cliente 1831;Rua 1831;Cuiaba;MT
PREV20260331190951-1832;Cliente 1832;Rua 1832;Cuiaba;MT
PREV20260331190951-1833;Cliente 1833;Rua 1833;Cuiaba;MT
PREV20260331190951-1834;Cliente 1834;Rua 1834;Cuiaba;MT
PREV20260331190951-1835;Cliente 1835;Rua 1835;Cuiaba;MT
PREV20260331190951-1836;Cliente 1836;Rua 1836;Cuiaba;MT
PREV20260331190951-1837;Cliente 1837;Rua 1837;Cuiaba;MT
PREV20260331190951-1838;Cliente 1838;Rua 1838;Cuiaba;MT
PREV20260331190951-1839;Cliente 1839;Rua 1839;Cuiaba;MT
PREV20260331190951-1840;Cliente 1840;Rua 1840;Cuiaba;MT
PREV20260331190951-1841;Cliente 1841;Rua 1841;Cuiaba;MT
PREV20260331190951-1842;Cliente 1842;Rua 1842;Cuiaba;MT
PREV20260331190951-1843;Cliente 1843;Rua 1843;Cuiaba;MT
PREV20260331190951-1844;Cliente 1844;Rua 1844;Cuiaba;MT
PREV20260331190951-1845;Cliente 1845;Rua 1845;Cuiaba;MT
PREV20260331190951-1846;Cliente 1846;Rua 1846;Cuiaba;MT
PREV20260331190951-1847;Cliente 1847;Rua 1847;Cuiaba;MT
PREV20260331190951-1848;Cliente 1848;Rua 1848;Cuiaba;MT
PREV20260331190951-1849;Cliente 1849;Rua 1849;Cuiaba;MT
PREV20260331190951-1850;Cliente 1850;Rua 1850;Cuiaba;MT
PREV20260331190951-1851;Cliente 1851;Rua 1851;Cuiaba;MT
PREV20260331190951-1852;Cliente 1852;Rua 1852;Cuiaba;MT
PREV20260331190951-1853;Cliente 1853;Rua 1853;Cuiaba;MT
PREV20260331190951-1854;Cliente 1854;Rua 1854;Cuiaba;MT
PREV20260331190951-1855;Cliente 1855;Rua 1855;Cuiaba;MT
PREV20260331190951-1856;Cliente 1856;Rua 1856;Cuiaba;MT
PREV20260331190951-1857;Cliente 1857;Rua 1857;Cuiaba;MT
PREV20260331190951-1858;Cliente 1858;Rua 1858;Cuiaba;MT
PREV20260331190951-1859;Cliente 1859;Rua 1859;Cuiaba;MT
PREV20260331190951-1860;Cliente 1860;Rua 1860;Cuiaba;MT
PREV20260331190951-1861;Cliente 1861;Rua 1861;Cuiaba;MT
PREV20260331190951-1862;Cliente 1862;Rua 1862;Cuiaba;MT
PREV20260331190951-1863;Cliente 1863;Rua 1863;Cuiaba;MT
PREV20260331190951-1864;Cliente 1864;Rua 1864;Cuiaba;MT
PREV20260331190951-1865;Cliente 1865;Rua 1865;Cuiaba;MT
PREV20260331190951-1866;Cliente 1866;Rua 1866;Cuiaba;MT
PREV20260331190951-1867;Cliente 1867;Rua 1867;Cuiaba;MT
PREV20260331190951-1868;Cliente 1868;Rua 1868;Cuiaba;MT
PREV20260331190951-1869;Cliente 1869;Rua 1869;Cuiaba;MT
PREV20260331190951-1870;Cliente 1870;Rua 1870;Cuiaba;MT
PREV20260331190951-1871;Cliente 1871;Rua 1871;Cuiaba;MT
PREV20260331190951-1872;Cliente 1872;Rua 1872;Cuiaba;MT
PREV20260331190951-1873;Cliente 1873;Rua 1873;Cuiaba;MT
PREV20260331190951-1874;Cliente 1874;Rua 1874;Cuiaba;MT
PREV20260331190951-1875;Cliente 1875;Rua 1875;Cuiaba;MT
PREV20260331190951-1876;Cliente 1876;Rua 1876;Cuiaba;MT
PREV20260331190951-1877;Cliente 1877;Rua 1877;Cuiaba;MT
PREV20260331190951-1878;Cliente 1878;Rua 1878;Cuiaba;MT
PREV20260331190951-1879;Cliente 1879;Rua 1879;Cuiaba;MT
PREV20260331190951-1880;Cliente 1880;Rua 1880;Cuiaba;MT
PREV20260331190951-1881;Cliente 1881;Rua 1881;Cuiaba;MT
PREV20260331190951-1882;Cliente 1882;Rua 1882;Cuiaba;MT
PREV20260331190951-1883;Cliente 1883;Rua 1883;Cuiaba;MT
PREV20260331190951-1884;Cliente 1884;Rua 1884;Cuiaba;MT
PREV20260331190951-1885;Cliente 1885;Rua 1885;Cuiaba;MT
PREV20260331190951-1886;Cliente 1886;Rua 1886;Cuiaba;MT
PREV20260331190951-1887;Cliente 1887;Rua 1887;Cuiaba;MT
PREV20260331190951-1888;Cliente 1888;Rua 1888;Cuiaba;MT
PREV20260331190951-1889;Cliente 1889;Rua 1889;Cuiaba;MT
PREV20260331190951-1890;Cliente 1890;Rua 1890;Cuiaba;MT
PREV20260331190951-1891;Cliente 1891;Rua 1891;Cuiaba;MT
PREV20260331190951-1892;Cliente 1892;Rua 1892;Cuiaba;MT
PREV20260331190951-1893;Cliente 1893;Rua 1893;Cuiaba;MT
PREV20260331190951-1894;Cliente 1894;Rua 1894;Cuiaba;MT
PREV20260331190951-1895;Cliente 1895;Rua 1895;Cuiaba;MT
PREV20260331190951-1896;Cliente 1896;Rua 1896;Cuiaba;MT
PREV20260331190951-1897;Cliente 1897;Rua 1897;Cuiaba;MT
PREV20260331190951-1898;Cliente 1898;Rua 1898;Cuiaba;MT
PREV20260331190951-1899;Cliente 1899;Rua 1899;Cuiaba;MT
PREV20260331190951-1900;Cliente 1900;Rua 1900;Cuiaba;MT
PREV20260331190951-1901;Cliente 1901;Rua 1901;Cuiaba;MT
PREV20260331190951-1902;Cliente 1902;Rua 1902;Cuiaba;MT
PREV20260331190951-1903;Cliente 1903;Rua 1903;Cuiaba;MT
PREV20260331190951-1904;Cliente 1904;Rua 1904;Cuiaba;MT
PREV20260331190951-1905;Cliente 1905;Rua 1905;Cuiaba;MT
PREV20260331190951-1906;Cliente 1906;Rua 1906;Cuiaba;MT
PREV20260331190951-1907;Cliente 1907;Rua 1907;Cuiaba;MT
PREV20260331190951-1908;Cliente 1908;Rua 1908;Cuiaba;MT
PREV20260331190951-1909;Cliente 1909;Rua 1909;Cuiaba;MT
PREV20260331190951-1910;Cliente 1910;Rua 1910;Cuiaba;MT
PREV20260331190951-1911;Cliente 1911;Rua 1911;Cuiaba;MT
PREV20260331190951-1912;Cliente 1912;Rua 1912;Cuiaba;MT
PREV20260331190951-1913;Cliente 1913;Rua 1913;Cuiaba;MT
PREV20260331190951-1914;Cliente 1914;Rua 1914;Cuiaba;MT
PREV20260331190951-1915;Cliente 1915;Rua 1915;Cuiaba;MT
PREV20260331190951-1916;Cliente 1916;Rua 1916;Cuiaba;MT
PREV20260331190951-1917;Cliente 1917;Rua 1917;Cuiaba;MT
PREV20260331190951-1918;Cliente 1918;Rua 1918;Cuiaba;MT
PREV20260331190951-1919;Cliente 1919;Rua 1919;Cuiaba;MT
PREV20260331190951-1920;Cliente 1920;Rua 1920;Cuiaba;MT
PREV20260331190951-1921;Cliente 1921;Rua 1921;Cuiaba;MT
PREV20260331190951-1922;Cliente 1922;Rua 1922;Cuiaba;MT
PREV20260331190951-1923;Cliente 1923;Rua 1923;Cuiaba;MT
PREV20260331190951-1924;Cliente 1924;Rua 1924;Cuiaba;MT
PREV20260331190951-1925;Cliente 1925;Rua 1925;Cuiaba;MT
PREV20260331190951-1926;Cliente 1926;Rua 1926;Cuiaba;MT
PREV20260331190951-1927;Cliente 1927;Rua 1927;Cuiaba;MT
PREV20260331190951-1928;Cliente 1928;Rua 1928;Cuiaba;MT
PREV20260331190951-1929;Cliente 1929;Rua 1929;Cuiaba;MT
PREV20260331190951-1930;Cliente 1930;Rua 1930;Cuiaba;MT
PREV20260331190951-1931;Cliente 1931;Rua 1931;Cuiaba;MT
PREV20260331190951-1932;Cliente 1932;Rua 1932;Cuiaba;MT
PREV20260331190951-1933;Cliente 1933;Rua 1933;Cuiaba;MT
PREV20260331190951-1934;Cliente 1934;Rua 1934;Cuiaba;MT
PREV20260331190951-1935;Cliente 1935;Rua 1935;Cuiaba;MT
PREV20260331190951-1936;Cliente 1936;Rua 1936;Cuiaba;MT
PREV20260331190951-1937;Cliente 1937;Rua 1937;Cuiaba;MT
PREV20260331190951-1938;Cliente 1938;Rua 1938;Cuiaba;MT
PREV20260331190951-1939;Cliente 1939;Rua 1939;Cuiaba;MT
PREV20260331190951-1940;Cliente 1940;Rua 1940;Cuiaba;MT
PREV20260331190951-1941;Cliente 1941;Rua 1941;Cuiaba;MT
PREV20260331190951-1942;Cliente 1942;Rua 1942;Cuiaba;MT
PREV20260331190951-1943;Cliente 1943;Rua 1943;Cuiaba;MT
PREV20260331190951-1944;Cliente 1944;Rua 1944;Cuiaba;MT
PREV20260331190951-1945;Cliente 1945;Rua 1945;Cuiaba;MT
PREV20260331190951-1946;Cliente 1946;Rua 1946;Cuiaba;MT
PREV20260331190951-1947;Cliente 1947;Rua 1947;Cuiaba;MT
PREV20260331190951-1948;Cliente 1948;Rua 1948;Cuiaba;MT
PREV20260331190951-1949;Cliente 1949;Rua 1949;Cuiaba;MT
PREV20260331190951-1950;Cliente 1950;Rua 1950;Cuiaba;MT
PREV20260331190951-1951;Cliente 1951;Rua 1951;Cuiaba;MT
PREV20260331190951-1952;Cliente 1952;Rua 1952;Cuiaba;MT
PREV20260331190951-1953;Cliente 1953;Rua 1953;Cuiaba;MT
PREV20260331190951-1954;Cliente 1954;Rua 1954;Cuiaba;MT
PREV20260331190951-1955;Cliente 1955;Rua 1955;Cuiaba;MT
PREV20260331190951-1956;Cliente 1956;Rua 1956;Cuiaba;MT
PREV20260331190951-1957;Cliente 1957;Rua 1957;Cuiaba;MT
PREV20260331190951-1958;Cliente 1958;Rua 1958;Cuiaba;MT
PREV20260331190951-1959;Cliente 1959;Rua 1959;Cuiaba;MT
PREV20260331190951-1960;Cliente 1960;Rua 1960;Cuiaba;MT
PREV20260331190951-1961;Cliente 1961;Rua 1961;Cuiaba;MT
PREV20260331190951-1962;Cliente 1962;Rua 1962;Cuiaba;MT
PREV20260331190951-1963;Cliente 1963;Rua 1963;Cuiaba;MT
PREV20260331190951-1964;Cliente 1964;Rua 1964;Cuiaba;MT
PREV20260331190951-1965;Cliente 1965;Rua 1965;Cuiaba;MT
PREV20260331190951-1966;Cliente 1966;Rua 1966;Cuiaba;MT
PREV20260331190951-1967;Cliente 1967;Rua 1967;Cuiaba;MT
PREV20260331190951-1968;Cliente 1968;Rua 1968;Cuiaba;MT
PREV20260331190951-1969;Cliente 1969;Rua 1969;Cuiaba;MT
PREV20260331190951-1970;Cliente 1970;Rua 1970;Cuiaba;MT
PREV20260331190951-1971;Cliente 1971;Rua 1971;Cuiaba;MT
PREV20260331190951-1972;Cliente 1972;Rua 1972;Cuiaba;MT
PREV20260331190951-1973;Cliente 1973;Rua 1973;Cuiaba;MT
PREV20260331190951-1974;Cliente 1974;Rua 1974;Cuiaba;MT
PREV20260331190951-1975;Cliente 1975;Rua 1975;Cuiaba;MT
PREV20260331190951-1976;Cliente 1976;Rua 1976;Cuiaba;MT
PREV20260331190951-1977;Cliente 1977;Rua 1977;Cuiaba;MT
PREV20260331190951-1978;Cliente 1978;Rua 1978;Cuiaba;MT
PREV20260331190951-1979;Cliente 1979;Rua 1979;Cuiaba;MT
PREV20260331190951-1980;Cliente 1980;Rua 1980;Cuiaba;MT
PREV20260331190951-1981;Cliente 1981;Rua 1981;Cuiaba;MT
PREV20260331190951-1982;Cliente 1982;Rua 1982;Cuiaba;MT
PREV20260331190951-1983;Cliente 1983;Rua 1983;Cuiaba;MT
PREV20260331190951-1984;Cliente 1984;Rua 1984;Cuiaba;MT
PREV20260331190951-1985;Cliente 1985;Rua 1985;Cuiaba;MT
PREV20260331190951-1986;Cliente 1986;Rua 1986;Cuiaba;MT
PREV20260331190951-1987;Cliente 1987;Rua 1987;Cuiaba;MT
PREV20260331190951-1988;Cliente 1988;Rua 1988;Cuiaba;MT
PREV20260331190951-1989;Cliente 1989;Rua 1989;Cuiaba;MT
PREV20260331190951-1990;Cliente 1990;Rua 1990;Cuiaba;MT
PREV20260331190951-1991;Cliente 1991;Rua 1991;Cuiaba;MT
PREV20260331190951-1992;Cliente 1992;Rua 1992;Cuiaba;MT
PREV20260331190951-1993;Cliente 1993;Rua 1993;Cuiaba;MT
PREV20260331190951-1994;Cliente 1994;Rua 1994;Cuiaba;MT
PREV20260331190951-1995;Cliente 1995;Rua 1995;Cuiaba;MT
PREV20260331190951-1996;Cliente 1996;Rua 1996;Cuiaba;MT
PREV20260331190951-1997;Cliente 1997;Rua 1997;Cuiaba;MT
PREV20260331190951-1998;Cliente 1998;Rua 1998;Cuiaba;MT
PREV20260331190951-1999;Cliente 1999;Rua 1999;Cuiaba;MT
PREV20260331190951-2000;Cliente 2000;Rua 2000;Cuiaba;MT
PREV20260331190951-2001;Cliente 2001;Rua 2001;Cuiaba;MT
PREV20260331190951-2002;Cliente 2002;Rua 2002;Cuiaba;MT
PREV20260331190951-2003;Cliente 2003;Rua 2003;Cuiaba;MT
PREV20260331190951-2004;Cliente 2004;Rua 2004;Cuiaba;MT
PREV20260331190951-2005;Cliente 2005;Rua 2005;Cuiaba;MT
PREV20260331190951-2006;Cliente 2006;Rua 2006;Cuiaba;MT
PREV20260331190951-2007;Cliente 2007;Rua 2007;Cuiaba;MT
PREV20260331190951-2008;Cliente 2008;Rua 2008;Cuiaba;MT
PREV20260331190951-2009;Cliente 2009;Rua 2009;Cuiaba;MT
PREV20260331190951-2010;Cliente 2010;Rua 2010;Cuiaba;MT
PREV20260331190951-2011;Cliente 2011;Rua 2011;Cuiaba;MT
PREV20260331190951-2012;Cliente 2012;Rua 2012;Cuiaba;MT
PREV20260331190951-2013;Cliente 2013;Rua 2013;Cuiaba;MT
PREV20260331190951-2014;Cliente 2014;Rua 2014;Cuiaba;MT
PREV20260331190951-2015;Cliente 2015;Rua 2015;Cuiaba;MT
PREV20260331190951-2016;Cliente 2016;Rua 2016;Cuiaba;MT
PREV20260331190951-2017;Cliente 2017;Rua 2017;Cuiaba;MT
PREV20260331190951-2018;Cliente 2018;Rua 2018;Cuiaba;MT
PREV20260331190951-2019;Cliente 2019;Rua 2019;Cuiaba;MT
PREV20260331190951-2020;Cliente 2020;Rua 2020;Cuiaba;MT
PREV20260331190951-2021;Cliente 2021;Rua 2021;Cuiaba;MT
PREV20260331190951-2022;Cliente 2022;Rua 2022;Cuiaba;MT
PREV20260331190951-2023;Cliente 2023;Rua 2023;Cuiaba;MT
PREV20260331190951-2024;Cliente 2024;Rua 2024;Cuiaba;MT
PREV20260331190951-2025;Cliente 2025;Rua 2025;Cuiaba;MT
PREV20260331190951-2026;Cliente 2026;Rua 2026;Cuiaba;MT
PREV20260331190951-2027;Cliente 2027;Rua 2027;Cuiaba;MT
PREV20260331190951-2028;Cliente 2028;Rua 2028;Cuiaba;MT
PREV20260331190951-2029;Cliente 2029;Rua 2029;Cuiaba;MT
PREV20260331190951-2030;Cliente 2030;Rua 2030;Cuiaba;MT
PREV20260331190951-2031;Cliente 2031;Rua 2031;Cuiaba;MT
PREV20260331190951-2032;Cliente 2032;Rua 2032;Cuiaba;MT
PREV20260331190951-2033;Cliente 2033;Rua 2033;Cuiaba;MT
PREV20260331190951-2034;Cliente 2034;Rua 2034;Cuiaba;MT
PREV20260331190951-2035;Cliente 2035;Rua 2035;Cuiaba;MT
PREV20260331190951-2036;Cliente 2036;Rua 2036;Cuiaba;MT
PREV20260331190951-2037;Cliente 2037;Rua 2037;Cuiaba;MT
PREV20260331190951-2038;Cliente 2038;Rua 2038;Cuiaba;MT
PREV20260331190951-2039;Cliente 2039;Rua 2039;Cuiaba;MT
PREV20260331190951-2040;Cliente 2040;Rua 2040;Cuiaba;MT
PREV20260331190951-2041;Cliente 2041;Rua 2041;Cuiaba;MT
PREV20260331190951-2042;Cliente 2042;Rua 2042;Cuiaba;MT
PREV20260331190951-2043;Cliente 2043;Rua 2043;Cuiaba;MT
PREV20260331190951-2044;Cliente 2044;Rua 2044;Cuiaba;MT
PREV20260331190951-2045;Cliente 2045;Rua 2045;Cuiaba;MT
PREV20260331190951-2046;Cliente 2046;Rua 2046;Cuiaba;MT
PREV20260331190951-2047;Cliente 2047;Rua 2047;Cuiaba;MT
PREV20260331190951-2048;Cliente 2048;Rua 2048;Cuiaba;MT
PREV20260331190951-2049;Cliente 2049;Rua 2049;Cuiaba;MT
PREV20260331190951-2050;Cliente 2050;Rua 2050;Cuiaba;MT
PREV20260331190951-2051;Cliente 2051;Rua 2051;Cuiaba;MT
PREV20260331190951-2052;Cliente 2052;Rua 2052;Cuiaba;MT
PREV20260331190951-2053;Cliente 2053;Rua 2053;Cuiaba;MT
PREV20260331190951-2054;Cliente 2054;Rua 2054;Cuiaba;MT
PREV20260331190951-2055;Cliente 2055;Rua 2055;Cuiaba;MT
PREV20260331190951-2056;Cliente 2056;Rua 2056;Cuiaba;MT
PREV20260331190951-2057;Cliente 2057;Rua 2057;Cuiaba;MT
PREV20260331190951-2058;Cliente 2058;Rua 2058;Cuiaba;MT
PREV20260331190951-2059;Cliente 2059;Rua 2059;Cuiaba;MT
PREV20260331190951-2060;Cliente 2060;Rua 2060;Cuiaba;MT
PREV20260331190951-2061;Cliente 2061;Rua 2061;Cuiaba;MT
PREV20260331190951-2062;Cliente 2062;Rua 2062;Cuiaba;MT
PREV20260331190951-2063;Cliente 2063;Rua 2063;Cuiaba;MT
PREV20260331190951-2064;Cliente 2064;Rua 2064;Cuiaba;MT
PREV20260331190951-2065;Cliente 2065;Rua 2065;Cuiaba;MT
PREV20260331190951-2066;Cliente 2066;Rua 2066;Cuiaba;MT
PREV20260331190951-2067;Cliente 2067;Rua 2067;Cuiaba;MT
PREV20260331190951-2068;Cliente 2068;Rua 2068;Cuiaba;MT
PREV20260331190951-2069;Cliente 2069;Rua 2069;Cuiaba;MT
PREV20260331190951-2070;Cliente 2070;Rua 2070;Cuiaba;MT
PREV20260331190951-2071;Cliente 2071;Rua 2071;Cuiaba;MT
PREV20260331190951-2072;Cliente 2072;Rua 2072;Cuiaba;MT
PREV20260331190951-2073;Cliente 2073;Rua 2073;Cuiaba;MT
PREV20260331190951-2074;Cliente 2074;Rua 2074;Cuiaba;MT
PREV20260331190951-2075;Cliente 2075;Rua 2075;Cuiaba;MT
PREV20260331190951-2076;Cliente 2076;Rua 2076;Cuiaba;MT
PREV20260331190951-2077;Cliente 2077;Rua 2077;Cuiaba;MT
PREV20260331190951-2078;Cliente 2078;Rua 2078;Cuiaba;MT
PREV20260331190951-2079;Cliente 2079;Rua 2079;Cuiaba;MT
PREV20260331190951-2080;Cliente 2080;Rua 2080;Cuiaba;MT
PREV20260331190951-2081;Cliente 2081;Rua 2081;Cuiaba;MT
PREV20260331190951-2082;Cliente 2082;Rua 2082;Cuiaba;MT
PREV20260331190951-2083;Cliente 2083;Rua 2083;Cuiaba;MT
PREV20260331190951-2084;Cliente 2084;Rua 2084;Cuiaba;MT
PREV20260331190951-2085;Cliente 2085;Rua 2085;Cuiaba;MT
PREV20260331190951-2086;Cliente 2086;Rua 2086;Cuiaba;MT
PREV20260331190951-2087;Cliente 2087;Rua 2087;Cuiaba;MT
PREV20260331190951-2088;Cliente 2088;Rua 2088;Cuiaba;MT
PREV20260331190951-2089;Cliente 2089;Rua 2089;Cuiaba;MT
PREV20260331190951-2090;Cliente 2090;Rua 2090;Cuiaba;MT
PREV20260331190951-2091;Cliente 2091;Rua 2091;Cuiaba;MT
PREV20260331190951-2092;Cliente 2092;Rua 2092;Cuiaba;MT
PREV20260331190951-2093;Cliente 2093;Rua 2093;Cuiaba;MT
PREV20260331190951-2094;Cliente 2094;Rua 2094;Cuiaba;MT
PREV20260331190951-2095;Cliente 2095;Rua 2095;Cuiaba;MT
PREV20260331190951-2096;Cliente 2096;Rua 2096;Cuiaba;MT
PREV20260331190951-2097;Cliente 2097;Rua 2097;Cuiaba;MT
PREV20260331190951-2098;Cliente 2098;Rua 2098;Cuiaba;MT
PREV20260331190951-2099;Cliente 2099;Rua 2099;Cuiaba;MT
PREV20260331190951-2100;Cliente 2100;Rua 2100;Cuiaba;MT
PREV20260331190951-2101;Cliente 2101;Rua 2101;Cuiaba;MT
PREV20260331190951-2102;Cliente 2102;Rua 2102;Cuiaba;MT
PREV20260331190951-2103;Cliente 2103;Rua 2103;Cuiaba;MT
PREV20260331190951-2104;Cliente 2104;Rua 2104;Cuiaba;MT
PREV20260331190951-2105;Cliente 2105;Rua 2105;Cuiaba;MT
PREV20260331190951-2106;Cliente 2106;Rua 2106;Cuiaba;MT
PREV20260331190951-2107;Cliente 2107;Rua 2107;Cuiaba;MT
PREV20260331190951-2108;Cliente 2108;Rua 2108;Cuiaba;MT
PREV20260331190951-2109;Cliente 2109;Rua 2109;Cuiaba;MT
PREV20260331190951-2110;Cliente 2110;Rua 2110;Cuiaba;MT
PREV20260331190951-2111;Cliente 2111;Rua 2111;Cuiaba;MT
PREV20260331190951-2112;Cliente 2112;Rua 2112;Cuiaba;MT
PREV20260331190951-2113;Cliente 2113;Rua 2113;Cuiaba;MT
PREV20260331190951-2114;Cliente 2114;Rua 2114;Cuiaba;MT
PREV20260331190951-2115;Cliente 2115;Rua 2115;Cuiaba;MT
PREV20260331190951-2116;Cliente 2116;Rua 2116;Cuiaba;MT
PREV20260331190951-2117;Cliente 2117;Rua 2117;Cuiaba;MT
PREV20260331190951-2118;Cliente 2118;Rua 2118;Cuiaba;MT
PREV20260331190951-2119;Cliente 2119;Rua 2119;Cuiaba;MT
PREV20260331190951-2120;Cliente 2120;Rua 2120;Cuiaba;MT
PREV20260331190951-2121;Cliente 2121;Rua 2121;Cuiaba;MT
PREV20260331190951-2122;Cliente 2122;Rua 2122;Cuiaba;MT
PREV20260331190951-2123;Cliente 2123;Rua 2123;Cuiaba;MT
PREV20260331190951-2124;Cliente 2124;Rua 2124;Cuiaba;MT
PREV20260331190951-2125;Cliente 2125;Rua 2125;Cuiaba;MT
PREV20260331190951-2126;Cliente 2126;Rua 2126;Cuiaba;MT
PREV20260331190951-2127;Cliente 2127;Rua 2127;Cuiaba;MT
PREV20260331190951-2128;Cliente 2128;Rua 2128;Cuiaba;MT
PREV20260331190951-2129;Cliente 2129;Rua 2129;Cuiaba;MT
PREV20260331190951-2130;Cliente 2130;Rua 2130;Cuiaba;MT
PREV20260331190951-2131;Cliente 2131;Rua 2131;Cuiaba;MT
PREV20260331190951-2132;Cliente 2132;Rua 2132;Cuiaba;MT
PREV20260331190951-2133;Cliente 2133;Rua 2133;Cuiaba;MT
PREV20260331190951-2134;Cliente 2134;Rua 2134;Cuiaba;MT
PREV20260331190951-2135;Cliente 2135;Rua 2135;Cuiaba;MT
PREV20260331190951-2136;Cliente 2136;Rua 2136;Cuiaba;MT
PREV20260331190951-2137;Cliente 2137;Rua 2137;Cuiaba;MT
PREV20260331190951-2138;Cliente 2138;Rua 2138;Cuiaba;MT
PREV20260331190951-2139;Cliente 2139;Rua 2139;Cuiaba;MT
PREV20260331190951-2140;Cliente 2140;Rua 2140;Cuiaba;MT
PREV20260331190951-2141;Cliente 2141;Rua 2141;Cuiaba;MT
PREV20260331190951-2142;Cliente 2142;Rua 2142;Cuiaba;MT
PREV20260331190951-2143;Cliente 2143;Rua 2143;Cuiaba;MT
PREV20260331190951-2144;Cliente 2144;Rua 2144;Cuiaba;MT
PREV20260331190951-2145;Cliente 2145;Rua 2145;Cuiaba;MT
PREV20260331190951-2146;Cliente 2146;Rua 2146;Cuiaba;MT
PREV20260331190951-2147;Cliente 2147;Rua 2147;Cuiaba;MT
PREV20260331190951-2148;Cliente 2148;Rua 2148;Cuiaba;MT
PREV20260331190951-2149;Cliente 2149;Rua 2149;Cuiaba;MT
PREV20260331190951-2150;Cliente 2150;Rua 2150;Cuiaba;MT
PREV20260331190951-2151;Cliente 2151;Rua 2151;Cuiaba;MT
PREV20260331190951-2152;Cliente 2152;Rua 2152;Cuiaba;MT
PREV20260331190951-2153;Cliente 2153;Rua 2153;Cuiaba;MT
PREV20260331190951-2154;Cliente 2154;Rua 2154;Cuiaba;MT
PREV20260331190951-2155;Cliente 2155;Rua 2155;Cuiaba;MT
PREV20260331190951-2156;Cliente 2156;Rua 2156;Cuiaba;MT
PREV20260331190951-2157;Cliente 2157;Rua 2157;Cuiaba;MT
PREV20260331190951-2158;Cliente 2158;Rua 2158;Cuiaba;MT
PREV20260331190951-2159;Cliente 2159;Rua 2159;Cuiaba;MT
PREV20260331190951-2160;Cliente 2160;Rua 2160;Cuiaba;MT
PREV20260331190951-2161;Cliente 2161;Rua 2161;Cuiaba;MT
PREV20260331190951-2162;Cliente 2162;Rua 2162;Cuiaba;MT
PREV20260331190951-2163;Cliente 2163;Rua 2163;Cuiaba;MT
PREV20260331190951-2164;Cliente 2164;Rua 2164;Cuiaba;MT
PREV20260331190951-2165;Cliente 2165;Rua 2165;Cuiaba;MT
PREV20260331190951-2166;Cliente 2166;Rua 2166;Cuiaba;MT
PREV20260331190951-2167;Cliente 2167;Rua 2167;Cuiaba;MT
PREV20260331190951-2168;Cliente 2168;Rua 2168;Cuiaba;MT
PREV20260331190951-2169;Cliente 2169;Rua 2169;Cuiaba;MT
PREV20260331190951-2170;Cliente 2170;Rua 2170;Cuiaba;MT
PREV20260331190951-2171;Cliente 2171;Rua 2171;Cuiaba;MT
PREV20260331190951-2172;Cliente 2172;Rua 2172;Cuiaba;MT
PREV20260331190951-2173;Cliente 2173;Rua 2173;Cuiaba;MT
PREV20260331190951-2174;Cliente 2174;Rua 2174;Cuiaba;MT
PREV20260331190951-2175;Cliente 2175;Rua 2175;Cuiaba;MT
PREV20260331190951-2176;Cliente 2176;Rua 2176;Cuiaba;MT
PREV20260331190951-2177;Cliente 2177;Rua 2177;Cuiaba;MT
PREV20260331190951-2178;Cliente 2178;Rua 2178;Cuiaba;MT
PREV20260331190951-2179;Cliente 2179;Rua 2179;Cuiaba;MT
PREV20260331190951-2180;Cliente 2180;Rua 2180;Cuiaba;MT
PREV20260331190951-2181;Cliente 2181;Rua 2181;Cuiaba;MT
PREV20260331190951-2182;Cliente 2182;Rua 2182;Cuiaba;MT
PREV20260331190951-2183;Cliente 2183;Rua 2183;Cuiaba;MT
PREV20260331190951-2184;Cliente 2184;Rua 2184;Cuiaba;MT
PREV20260331190951-2185;Cliente 2185;Rua 2185;Cuiaba;MT
PREV20260331190951-2186;Cliente 2186;Rua 2186;Cuiaba;MT
PREV20260331190951-2187;Cliente 2187;Rua 2187;Cuiaba;MT
PREV20260331190951-2188;Cliente 2188;Rua 2188;Cuiaba;MT
PREV20260331190951-2189;Cliente 2189;Rua 2189;Cuiaba;MT
PREV20260331190951-2190;Cliente 2190;Rua 2190;Cuiaba;MT
PREV20260331190951-2191;Cliente 2191;Rua 2191;Cuiaba;MT
PREV20260331190951-2192;Cliente 2192;Rua 2192;Cuiaba;MT
PREV20260331190951-2193;Cliente 2193;Rua 2193;Cuiaba;MT
PREV20260331190951-2194;Cliente 2194;Rua 2194;Cuiaba;MT
PREV20260331190951-2195;Cliente 2195;Rua 2195;Cuiaba;MT
PREV20260331190951-2196;Cliente 2196;Rua 2196;Cuiaba;MT
PREV20260331190951-2197;Cliente 2197;Rua 2197;Cuiaba;MT
PREV20260331190951-2198;Cliente 2198;Rua 2198;Cuiaba;MT
PREV20260331190951-2199;Cliente 2199;Rua 2199;Cuiaba;MT
PREV20260331190951-2200;Cliente 2200;Rua 2200;Cuiaba;MT
PREV20260331190951-2201;Cliente 2201;Rua 2201;Cuiaba;MT
PREV20260331190951-2202;Cliente 2202;Rua 2202;Cuiaba;MT
PREV20260331190951-2203;Cliente 2203;Rua 2203;Cuiaba;MT
PREV20260331190951-2204;Cliente 2204;Rua 2204;Cuiaba;MT
PREV20260331190951-2205;Cliente 2205;Rua 2205;Cuiaba;MT
PREV20260331190951-2206;Cliente 2206;Rua 2206;Cuiaba;MT
PREV20260331190951-2207;Cliente 2207;Rua 2207;Cuiaba;MT
PREV20260331190951-2208;Cliente 2208;Rua 2208;Cuiaba;MT
PREV20260331190951-2209;Cliente 2209;Rua 2209;Cuiaba;MT
PREV20260331190951-2210;Cliente 2210;Rua 2210;Cuiaba;MT
PREV20260331190951-2211;Cliente 2211;Rua 2211;Cuiaba;MT
PREV20260331190951-2212;Cliente 2212;Rua 2212;Cuiaba;MT
PREV20260331190951-2213;Cliente 2213;Rua 2213;Cuiaba;MT
PREV20260331190951-2214;Cliente 2214;Rua 2214;Cuiaba;MT
PREV20260331190951-2215;Cliente 2215;Rua 2215;Cuiaba;MT
PREV20260331190951-2216;Cliente 2216;Rua 2216;Cuiaba;MT
PREV20260331190951-2217;Cliente 2217;Rua 2217;Cuiaba;MT
PREV20260331190951-2218;Cliente 2218;Rua 2218;Cuiaba;MT
PREV20260331190951-2219;Cliente 2219;Rua 2219;Cuiaba;MT
PREV20260331190951-2220;Cliente 2220;Rua 2220;Cuiaba;MT
PREV20260331190951-2221;Cliente 2221;Rua 2221;Cuiaba;MT
PREV20260331190951-2222;Cliente 2222;Rua 2222;Cuiaba;MT
PREV20260331190951-2223;Cliente 2223;Rua 2223;Cuiaba;MT
PREV20260331190951-2224;Cliente 2224;Rua 2224;Cuiaba;MT
PREV20260331190951-2225;Cliente 2225;Rua 2225;Cuiaba;MT
PREV20260331190951-2226;Cliente 2226;Rua 2226;Cuiaba;MT
PREV20260331190951-2227;Cliente 2227;Rua 2227;Cuiaba;MT
PREV20260331190951-2228;Cliente 2228;Rua 2228;Cuiaba;MT
PREV20260331190951-2229;Cliente 2229;Rua 2229;Cuiaba;MT
PREV20260331190951-2230;Cliente 2230;Rua 2230;Cuiaba;MT
PREV20260331190951-2231;Cliente 2231;Rua 2231;Cuiaba;MT
PREV20260331190951-2232;Cliente 2232;Rua 2232;Cuiaba;MT
PREV20260331190951-2233;Cliente 2233;Rua 2233;Cuiaba;MT
PREV20260331190951-2234;Cliente 2234;Rua 2234;Cuiaba;MT
PREV20260331190951-2235;Cliente 2235;Rua 2235;Cuiaba;MT
PREV20260331190951-2236;Cliente 2236;Rua 2236;Cuiaba;MT
PREV20260331190951-2237;Cliente 2237;Rua 2237;Cuiaba;MT
PREV20260331190951-2238;Cliente 2238;Rua 2238;Cuiaba;MT
PREV20260331190951-2239;Cliente 2239;Rua 2239;Cuiaba;MT
PREV20260331190951-2240;Cliente 2240;Rua 2240;Cuiaba;MT
PREV20260331190951-2241;Cliente 2241;Rua 2241;Cuiaba;MT
PREV20260331190951-2242;Cliente 2242;Rua 2242;Cuiaba;MT
PREV20260331190951-2243;Cliente 2243;Rua 2243;Cuiaba;MT
PREV20260331190951-2244;Cliente 2244;Rua 2244;Cuiaba;MT
PREV20260331190951-2245;Cliente 2245;Rua 2245;Cuiaba;MT
PREV20260331190951-2246;Cliente 2246;Rua 2246;Cuiaba;MT
PREV20260331190951-2247;Cliente 2247;Rua 2247;Cuiaba;MT
PREV20260331190951-2248;Cliente 2248;Rua 2248;Cuiaba;MT
PREV20260331190951-2249;Cliente 2249;Rua 2249;Cuiaba;MT
PREV20260331190951-2250;Cliente 2250;Rua 2250;Cuiaba;MT
PREV20260331190951-2251;Cliente 2251;Rua 2251;Cuiaba;MT
PREV20260331190951-2252;Cliente 2252;Rua 2252;Cuiaba;MT
PREV20260331190951-2253;Cliente 2253;Rua 2253;Cuiaba;MT
PREV20260331190951-2254;Cliente 2254;Rua 2254;Cuiaba;MT
PREV20260331190951-2255;Cliente 2255;Rua 2255;Cuiaba;MT
PREV20260331190951-2256;Cliente 2256;Rua 2256;Cuiaba;MT
PREV20260331190951-2257;Cliente 2257;Rua 2257;Cuiaba;MT
PREV20260331190951-2258;Cliente 2258;Rua 2258;Cuiaba;MT
PREV20260331190951-2259;Cliente 2259;Rua 2259;Cuiaba;MT
PREV20260331190951-2260;Cliente 2260;Rua 2260;Cuiaba;MT
PREV20260331190951-2261;Cliente 2261;Rua 2261;Cuiaba;MT
PREV20260331190951-2262;Cliente 2262;Rua 2262;Cuiaba;MT
PREV20260331190951-2263;Cliente 2263;Rua 2263;Cuiaba;MT
PREV20260331190951-2264;Cliente 2264;Rua 2264;Cuiaba;MT
PREV20260331190951-2265;Cliente 2265;Rua 2265;Cuiaba;MT
PREV20260331190951-2266;Cliente 2266;Rua 2266;Cuiaba;MT
PREV20260331190951-2267;Cliente 2267;Rua 2267;Cuiaba;MT
PREV20260331190951-2268;Cliente 2268;Rua 2268;Cuiaba;MT
PREV20260331190951-2269;Cliente 2269;Rua 2269;Cuiaba;MT
PREV20260331190951-2270;Cliente 2270;Rua 2270;Cuiaba;MT
PREV20260331190951-2271;Cliente 2271;Rua 2271;Cuiaba;MT
PREV20260331190951-2272;Cliente 2272;Rua 2272;Cuiaba;MT
PREV20260331190951-2273;Cliente 2273;Rua 2273;Cuiaba;MT
PREV20260331190951-2274;Cliente 2274;Rua 2274;Cuiaba;MT
PREV20260331190951-2275;Cliente 2275;Rua 2275;Cuiaba;MT
PREV20260331190951-2276;Cliente 2276;Rua 2276;Cuiaba;MT
PREV20260331190951-2277;Cliente 2277;Rua 2277;Cuiaba;MT
PREV20260331190951-2278;Cliente 2278;Rua 2278;Cuiaba;MT
PREV20260331190951-2279;Cliente 2279;Rua 2279;Cuiaba;MT
PREV20260331190951-2280;Cliente 2280;Rua 2280;Cuiaba;MT
PREV20260331190951-2281;Cliente 2281;Rua 2281;Cuiaba;MT
PREV20260331190951-2282;Cliente 2282;Rua 2282;Cuiaba;MT
PREV20260331190951-2283;Cliente 2283;Rua 2283;Cuiaba;MT
PREV20260331190951-2284;Cliente 2284;Rua 2284;Cuiaba;MT
PREV20260331190951-2285;Cliente 2285;Rua 2285;Cuiaba;MT
PREV20260331190951-2286;Cliente 2286;Rua 2286;Cuiaba;MT
PREV20260331190951-2287;Cliente 2287;Rua 2287;Cuiaba;MT
PREV20260331190951-2288;Cliente 2288;Rua 2288;Cuiaba;MT
PREV20260331190951-2289;Cliente 2289;Rua 2289;Cuiaba;MT
PREV20260331190951-2290;Cliente 2290;Rua 2290;Cuiaba;MT
PREV20260331190951-2291;Cliente 2291;Rua 2291;Cuiaba;MT
PREV20260331190951-2292;Cliente 2292;Rua 2292;Cuiaba;MT
PREV20260331190951-2293;Cliente 2293;Rua 2293;Cuiaba;MT
PREV20260331190951-2294;Cliente 2294;Rua 2294;Cuiaba;MT
PREV20260331190951-2295;Cliente 2295;Rua 2295;Cuiaba;MT
PREV20260331190951-2296;Cliente 2296;Rua 2296;Cuiaba;MT
PREV20260331190951-2297;Cliente 2297;Rua 2297;Cuiaba;MT
PREV20260331190951-2298;Cliente 2298;Rua 2298;Cuiaba;MT
PREV20260331190951-2299;Cliente 2299;Rua 2299;Cuiaba;MT
PREV20260331190951-2300;Cliente 2300;Rua 2300;Cuiaba;MT
PREV20260331190951-2301;Cliente 2301;Rua 2301;Cuiaba;MT
PREV20260331190951-2302;Cliente 2302;Rua 2302;Cuiaba;MT
PREV20260331190951-2303;Cliente 2303;Rua 2303;Cuiaba;MT
PREV20260331190951-2304;Cliente 2304;Rua 2304;Cuiaba;MT
PREV20260331190951-2305;Cliente 2305;Rua 2305;Cuiaba;MT
PREV20260331190951-2306;Cliente 2306;Rua 2306;Cuiaba;MT
PREV20260331190951-2307;Cliente 2307;Rua 2307;Cuiaba;MT
PREV20260331190951-2308;Cliente 2308;Rua 2308;Cuiaba;MT
PREV20260331190951-2309;Cliente 2309;Rua 2309;Cuiaba;MT
PREV20260331190951-2310;Cliente 2310;Rua 2310;Cuiaba;MT
PREV20260331190951-2311;Cliente 2311;Rua 2311;Cuiaba;MT
PREV20260331190951-2312;Cliente 2312;Rua 2312;Cuiaba;MT
PREV20260331190951-2313;Cliente 2313;Rua 2313;Cuiaba;MT
PREV20260331190951-2314;Cliente 2314;Rua 2314;Cuiaba;MT
PREV20260331190951-2315;Cliente 2315;Rua 2315;Cuiaba;MT
PREV20260331190951-2316;Cliente 2316;Rua 2316;Cuiaba;MT
PREV20260331190951-2317;Cliente 2317;Rua 2317;Cuiaba;MT
PREV20260331190951-2318;Cliente 2318;Rua 2318;Cuiaba;MT
PREV20260331190951-2319;Cliente 2319;Rua 2319;Cuiaba;MT
PREV20260331190951-2320;Cliente 2320;Rua 2320;Cuiaba;MT
PREV20260331190951-2321;Cliente 2321;Rua 2321;Cuiaba;MT
PREV20260331190951-2322;Cliente 2322;Rua 2322;Cuiaba;MT
PREV20260331190951-2323;Cliente 2323;Rua 2323;Cuiaba;MT
PREV20260331190951-2324;Cliente 2324;Rua 2324;Cuiaba;MT
PREV20260331190951-2325;Cliente 2325;Rua 2325;Cuiaba;MT
PREV20260331190951-2326;Cliente 2326;Rua 2326;Cuiaba;MT
PREV20260331190951-2327;Cliente 2327;Rua 2327;Cuiaba;MT
PREV20260331190951-2328;Cliente 2328;Rua 2328;Cuiaba;MT
PREV20260331190951-2329;Cliente 2329;Rua 2329;Cuiaba;MT
PREV20260331190951-2330;Cliente 2330;Rua 2330;Cuiaba;MT
PREV20260331190951-2331;Cliente 2331;Rua 2331;Cuiaba;MT
PREV20260331190951-2332;Cliente 2332;Rua 2332;Cuiaba;MT
PREV20260331190951-2333;Cliente 2333;Rua 2333;Cuiaba;MT
PREV20260331190951-2334;Cliente 2334;Rua 2334;Cuiaba;MT
PREV20260331190951-2335;Cliente 2335;Rua 2335;Cuiaba;MT
PREV20260331190951-2336;Cliente 2336;Rua 2336;Cuiaba;MT
PREV20260331190951-2337;Cliente 2337;Rua 2337;Cuiaba;MT
PREV20260331190951-2338;Cliente 2338;Rua 2338;Cuiaba;MT
PREV20260331190951-2339;Cliente 2339;Rua 2339;Cuiaba;MT
PREV20260331190951-2340;Cliente 2340;Rua 2340;Cuiaba;MT
PREV20260331190951-2341;Cliente 2341;Rua 2341;Cuiaba;MT
PREV20260331190951-2342;Cliente 2342;Rua 2342;Cuiaba;MT
PREV20260331190951-2343;Cliente 2343;Rua 2343;Cuiaba;MT
PREV20260331190951-2344;Cliente 2344;Rua 2344;Cuiaba;MT
PREV20260331190951-2345;Cliente 2345;Rua 2345;Cuiaba;MT
PREV20260331190951-2346;Cliente 2346;Rua 2346;Cuiaba;MT
PREV20260331190951-2347;Cliente 2347;Rua 2347;Cuiaba;MT
PREV20260331190951-2348;Cliente 2348;Rua 2348;Cuiaba;MT
PREV20260331190951-2349;Cliente 2349;Rua 2349;Cuiaba;MT
PREV20260331190951-2350;Cliente 2350;Rua 2350;Cuiaba;MT
PREV20260331190951-2351;Cliente 2351;Rua 2351;Cuiaba;MT
PREV20260331190951-2352;Cliente 2352;Rua 2352;Cuiaba;MT
PREV20260331190951-2353;Cliente 2353;Rua 2353;Cuiaba;MT
PREV20260331190951-2354;Cliente 2354;Rua 2354;Cuiaba;MT
PREV20260331190951-2355;Cliente 2355;Rua 2355;Cuiaba;MT
PREV20260331190951-2356;Cliente 2356;Rua 2356;Cuiaba;MT
PREV20260331190951-2357;Cliente 2357;Rua 2357;Cuiaba;MT
PREV20260331190951-2358;Cliente 2358;Rua 2358;Cuiaba;MT
PREV20260331190951-2359;Cliente 2359;Rua 2359;Cuiaba;MT
PREV20260331190951-2360;Cliente 2360;Rua 2360;Cuiaba;MT
PREV20260331190951-2361;Cliente 2361;Rua 2361;Cuiaba;MT
PREV20260331190951-2362;Cliente 2362;Rua 2362;Cuiaba;MT
PREV20260331190951-2363;Cliente 2363;Rua 2363;Cuiaba;MT
PREV20260331190951-2364;Cliente 2364;Rua 2364;Cuiaba;MT
PREV20260331190951-2365;Cliente 2365;Rua 2365;Cuiaba;MT
PREV20260331190951-2366;Cliente 2366;Rua 2366;Cuiaba;MT
PREV20260331190951-2367;Cliente 2367;Rua 2367;Cuiaba;MT
PREV20260331190951-2368;Cliente 2368;Rua 2368;Cuiaba;MT
PREV20260331190951-2369;Cliente 2369;Rua 2369;Cuiaba;MT
PREV20260331190951-2370;Cliente 2370;Rua 2370;Cuiaba;MT
PREV20260331190951-2371;Cliente 2371;Rua 2371;Cuiaba;MT
PREV20260331190951-2372;Cliente 2372;Rua 2372;Cuiaba;MT
PREV20260331190951-2373;Cliente 2373;Rua 2373;Cuiaba;MT
PREV20260331190951-2374;Cliente 2374;Rua 2374;Cuiaba;MT
PREV20260331190951-2375;Cliente 2375;Rua 2375;Cuiaba;MT
PREV20260331190951-2376;Cliente 2376;Rua 2376;Cuiaba;MT
PREV20260331190951-2377;Cliente 2377;Rua 2377;Cuiaba;MT
PREV20260331190951-2378;Cliente 2378;Rua 2378;Cuiaba;MT
PREV20260331190951-2379;Cliente 2379;Rua 2379;Cuiaba;MT
PREV20260331190951-2380;Cliente 2380;Rua 2380;Cuiaba;MT
PREV20260331190951-2381;Cliente 2381;Rua 2381;Cuiaba;MT
PREV20260331190951-2382;Cliente 2382;Rua 2382;Cuiaba;MT
PREV20260331190951-2383;Cliente 2383;Rua 2383;Cuiaba;MT
PREV20260331190951-2384;Cliente 2384;Rua 2384;Cuiaba;MT
PREV20260331190951-2385;Cliente 2385;Rua 2385;Cuiaba;MT
PREV20260331190951-2386;Cliente 2386;Rua 2386;Cuiaba;MT
PREV20260331190951-2387;Cliente 2387;Rua 2387;Cuiaba;MT
PREV20260331190951-2388;Cliente 2388;Rua 2388;Cuiaba;MT
PREV20260331190951-2389;Cliente 2389;Rua 2389;Cuiaba;MT
PREV20260331190951-2390;Cliente 2390;Rua 2390;Cuiaba;MT
PREV20260331190951-2391;Cliente 2391;Rua 2391;Cuiaba;MT
PREV20260331190951-2392;Cliente 2392;Rua 2392;Cuiaba;MT
PREV20260331190951-2393;Cliente 2393;Rua 2393;Cuiaba;MT
PREV20260331190951-2394;Cliente 2394;Rua 2394;Cuiaba;MT
PREV20260331190951-2395;Cliente 2395;Rua 2395;Cuiaba;MT
PREV20260331190951-2396;Cliente 2396;Rua 2396;Cuiaba;MT
PREV20260331190951-2397;Cliente 2397;Rua 2397;Cuiaba;MT
PREV20260331190951-2398;Cliente 2398;Rua 2398;Cuiaba;MT
PREV20260331190951-2399;Cliente 2399;Rua 2399;Cuiaba;MT
PREV20260331190951-2400;Cliente 2400;Rua 2400;Cuiaba;MT
PREV20260331190951-2401;Cliente 2401;Rua 2401;Cuiaba;MT
PREV20260331190951-2402;Cliente 2402;Rua 2402;Cuiaba;MT
PREV20260331190951-2403;Cliente 2403;Rua 2403;Cuiaba;MT
PREV20260331190951-2404;Cliente 2404;Rua 2404;Cuiaba;MT
PREV20260331190951-2405;Cliente 2405;Rua 2405;Cuiaba;MT
PREV20260331190951-2406;Cliente 2406;Rua 2406;Cuiaba;MT
PREV20260331190951-2407;Cliente 2407;Rua 2407;Cuiaba;MT
PREV20260331190951-2408;Cliente 2408;Rua 2408;Cuiaba;MT
PREV20260331190951-2409;Cliente 2409;Rua 2409;Cuiaba;MT
PREV20260331190951-2410;Cliente 2410;Rua 2410;Cuiaba;MT
PREV20260331190951-2411;Cliente 2411;Rua 2411;Cuiaba;MT
PREV20260331190951-2412;Cliente 2412;Rua 2412;Cuiaba;MT
PREV20260331190951-2413;Cliente 2413;Rua 2413;Cuiaba;MT
PREV20260331190951-2414;Cliente 2414;Rua 2414;Cuiaba;MT
PREV20260331190951-2415;Cliente 2415;Rua 2415;Cuiaba;MT
PREV20260331190951-2416;Cliente 2416;Rua 2416;Cuiaba;MT
PREV20260331190951-2417;Cliente 2417;Rua 2417;Cuiaba;MT
PREV20260331190951-2418;Cliente 2418;Rua 2418;Cuiaba;MT
PREV20260331190951-2419;Cliente 2419;Rua 2419;Cuiaba;MT
PREV20260331190951-2420;Cliente 2420;Rua 2420;Cuiaba;MT
PREV20260331190951-2421;Cliente 2421;Rua 2421;Cuiaba;MT
PREV20260331190951-2422;Cliente 2422;Rua 2422;Cuiaba;MT
PREV20260331190951-2423;Cliente 2423;Rua 2423;Cuiaba;MT
PREV20260331190951-2424;Cliente 2424;Rua 2424;Cuiaba;MT
PREV20260331190951-2425;Cliente 2425;Rua 2425;Cuiaba;MT
PREV20260331190951-2426;Cliente 2426;Rua 2426;Cuiaba;MT
PREV20260331190951-2427;Cliente 2427;Rua 2427;Cuiaba;MT
PREV20260331190951-2428;Cliente 2428;Rua 2428;Cuiaba;MT
PREV20260331190951-2429;Cliente 2429;Rua 2429;Cuiaba;MT
PREV20260331190951-2430;Cliente 2430;Rua 2430;Cuiaba;MT
PREV20260331190951-2431;Cliente 2431;Rua 2431;Cuiaba;MT
PREV20260331190951-2432;Cliente 2432;Rua 2432;Cuiaba;MT
PREV20260331190951-2433;Cliente 2433;Rua 2433;Cuiaba;MT
PREV20260331190951-2434;Cliente 2434;Rua 2434;Cuiaba;MT
PREV20260331190951-2435;Cliente 2435;Rua 2435;Cuiaba;MT
PREV20260331190951-2436;Cliente 2436;Rua 2436;Cuiaba;MT
PREV20260331190951-2437;Cliente 2437;Rua 2437;Cuiaba;MT
PREV20260331190951-2438;Cliente 2438;Rua 2438;Cuiaba;MT
PREV20260331190951-2439;Cliente 2439;Rua 2439;Cuiaba;MT
PREV20260331190951-2440;Cliente 2440;Rua 2440;Cuiaba;MT
PREV20260331190951-2441;Cliente 2441;Rua 2441;Cuiaba;MT
PREV20260331190951-2442;Cliente 2442;Rua 2442;Cuiaba;MT
PREV20260331190951-2443;Cliente 2443;Rua 2443;Cuiaba;MT
PREV20260331190951-2444;Cliente 2444;Rua 2444;Cuiaba;MT
PREV20260331190951-2445;Cliente 2445;Rua 2445;Cuiaba;MT
PREV20260331190951-2446;Cliente 2446;Rua 2446;Cuiaba;MT
PREV20260331190951-2447;Cliente 2447;Rua 2447;Cuiaba;MT
PREV20260331190951-2448;Cliente 2448;Rua 2448;Cuiaba;MT
PREV20260331190951-2449;Cliente 2449;Rua 2449;Cuiaba;MT
PREV20260331190951-2450;Cliente 2450;Rua 2450;Cuiaba;MT
PREV20260331190951-2451;Cliente 2451;Rua 2451;Cuiaba;MT
PREV20260331190951-2452;Cliente 2452;Rua 2452;Cuiaba;MT
PREV20260331190951-2453;Cliente 2453;Rua 2453;Cuiaba;MT
PREV20260331190951-2454;Cliente 2454;Rua 2454;Cuiaba;MT
PREV20260331190951-2455;Cliente 2455;Rua 2455;Cuiaba;MT
PREV20260331190951-2456;Cliente 2456;Rua 2456;Cuiaba;MT
PREV20260331190951-2457;Cliente 2457;Rua 2457;Cuiaba;MT
PREV20260331190951-2458;Cliente 2458;Rua 2458;Cuiaba;MT
PREV20260331190951-2459;Cliente 2459;Rua 2459;Cuiaba;MT
PREV20260331190951-2460;Cliente 2460;Rua 2460;Cuiaba;MT
PREV20260331190951-2461;Cliente 2461;Rua 2461;Cuiaba;MT
PREV20260331190951-2462;Cliente 2462;Rua 2462;Cuiaba;MT
PREV20260331190951-2463;Cliente 2463;Rua 2463;Cuiaba;MT
PREV20260331190951-2464;Cliente 2464;Rua 2464;Cuiaba;MT
PREV20260331190951-2465;Cliente 2465;Rua 2465;Cuiaba;MT
PREV20260331190951-2466;Cliente 2466;Rua 2466;Cuiaba;MT
PREV20260331190951-2467;Cliente 2467;Rua 2467;Cuiaba;MT
PREV20260331190951-2468;Cliente 2468;Rua 2468;Cuiaba;MT
PREV20260331190951-2469;Cliente 2469;Rua 2469;Cuiaba;MT
PREV20260331190951-2470;Cliente 2470;Rua 2470;Cuiaba;MT
PREV20260331190951-2471;Cliente 2471;Rua 2471;Cuiaba;MT
PREV20260331190951-2472;Cliente 2472;Rua 2472;Cuiaba;MT
PREV20260331190951-2473;Cliente 2473;Rua 2473;Cuiaba;MT
PREV20260331190951-2474;Cliente 2474;Rua 2474;Cuiaba;MT
PREV20260331190951-2475;Cliente 2475;Rua 2475;Cuiaba;MT
PREV20260331190951-2476;Cliente 2476;Rua 2476;Cuiaba;MT
PREV20260331190951-2477;Cliente 2477;Rua 2477;Cuiaba;MT
PREV20260331190951-2478;Cliente 2478;Rua 2478;Cuiaba;MT
PREV20260331190951-2479;Cliente 2479;Rua 2479;Cuiaba;MT
PREV20260331190951-2480;Cliente 2480;Rua 2480;Cuiaba;MT
PREV20260331190951-2481;Cliente 2481;Rua 2481;Cuiaba;MT
PREV20260331190951-2482;Cliente 2482;Rua 2482;Cuiaba;MT
PREV20260331190951-2483;Cliente 2483;Rua 2483;Cuiaba;MT
PREV20260331190951-2484;Cliente 2484;Rua 2484;Cuiaba;MT
PREV20260331190951-2485;Cliente 2485;Rua 2485;Cuiaba;MT
PREV20260331190951-2486;Cliente 2486;Rua 2486;Cuiaba;MT
PREV20260331190951-2487;Cliente 2487;Rua 2487;Cuiaba;MT
PREV20260331190951-2488;Cliente 2488;Rua 2488;Cuiaba;MT
PREV20260331190951-2489;Cliente 2489;Rua 2489;Cuiaba;MT
PREV20260331190951-2490;Cliente 2490;Rua 2490;Cuiaba;MT
PREV20260331190951-2491;Cliente 2491;Rua 2491;Cuiaba;MT
PREV20260331190951-2492;Cliente 2492;Rua 2492;Cuiaba;MT
PREV20260331190951-2493;Cliente 2493;Rua 2493;Cuiaba;MT
PREV20260331190951-2494;Cliente 2494;Rua 2494;Cuiaba;MT
PREV20260331190951-2495;Cliente 2495;Rua 2495;Cuiaba;MT
PREV20260331190951-2496;Cliente 2496;Rua 2496;Cuiaba;MT
PREV20260331190951-2497;Cliente 2497;Rua 2497;Cuiaba;MT
PREV20260331190951-2498;Cliente 2498;Rua 2498;Cuiaba;MT
PREV20260331190951-2499;Cliente 2499;Rua 2499;Cuiaba;MT
PREV20260331190951-2500;Cliente 2500;Rua 2500;Cuiaba;MT
PREV20260331190951-2501;Cliente 2501;Rua 2501;Cuiaba;MT
PREV20260331190951-2502;Cliente 2502;Rua 2502;Cuiaba;MT
PREV20260331190951-2503;Cliente 2503;Rua 2503;Cuiaba;MT
PREV20260331190951-2504;Cliente 2504;Rua 2504;Cuiaba;MT
PREV20260331190951-2505;Cliente 2505;Rua 2505;Cuiaba;MT
PREV20260331190951-2506;Cliente 2506;Rua 2506;Cuiaba;MT
PREV20260331190951-2507;Cliente 2507;Rua 2507;Cuiaba;MT
PREV20260331190951-2508;Cliente 2508;Rua 2508;Cuiaba;MT
PREV20260331190951-2509;Cliente 2509;Rua 2509;Cuiaba;MT
PREV20260331190951-2510;Cliente 2510;Rua 2510;Cuiaba;MT
PREV20260331190951-2511;Cliente 2511;Rua 2511;Cuiaba;MT
PREV20260331190951-2512;Cliente 2512;Rua 2512;Cuiaba;MT
PREV20260331190951-2513;Cliente 2513;Rua 2513;Cuiaba;MT
PREV20260331190951-2514;Cliente 2514;Rua 2514;Cuiaba;MT
PREV20260331190951-2515;Cliente 2515;Rua 2515;Cuiaba;MT
PREV20260331190951-2516;Cliente 2516;Rua 2516;Cuiaba;MT
PREV20260331190951-2517;Cliente 2517;Rua 2517;Cuiaba;MT
PREV20260331190951-2518;Cliente 2518;Rua 2518;Cuiaba;MT
PREV20260331190951-2519;Cliente 2519;Rua 2519;Cuiaba;MT
PREV20260331190951-2520;Cliente 2520;Rua 2520;Cuiaba;MT
PREV20260331190951-2521;Cliente 2521;Rua 2521;Cuiaba;MT
PREV20260331190951-2522;Cliente 2522;Rua 2522;Cuiaba;MT
PREV20260331190951-2523;Cliente 2523;Rua 2523;Cuiaba;MT
PREV20260331190951-2524;Cliente 2524;Rua 2524;Cuiaba;MT
PREV20260331190951-2525;Cliente 2525;Rua 2525;Cuiaba;MT
PREV20260331190951-2526;Cliente 2526;Rua 2526;Cuiaba;MT
PREV20260331190951-2527;Cliente 2527;Rua 2527;Cuiaba;MT
PREV20260331190951-2528;Cliente 2528;Rua 2528;Cuiaba;MT
PREV20260331190951-2529;Cliente 2529;Rua 2529;Cuiaba;MT
PREV20260331190951-2530;Cliente 2530;Rua 2530;Cuiaba;MT
PREV20260331190951-2531;Cliente 2531;Rua 2531;Cuiaba;MT
PREV20260331190951-2532;Cliente 2532;Rua 2532;Cuiaba;MT
PREV20260331190951-2533;Cliente 2533;Rua 2533;Cuiaba;MT
PREV20260331190951-2534;Cliente 2534;Rua 2534;Cuiaba;MT
PREV20260331190951-2535;Cliente 2535;Rua 2535;Cuiaba;MT
PREV20260331190951-2536;Cliente 2536;Rua 2536;Cuiaba;MT
PREV20260331190951-2537;Cliente 2537;Rua 2537;Cuiaba;MT
PREV20260331190951-2538;Cliente 2538;Rua 2538;Cuiaba;MT
PREV20260331190951-2539;Cliente 2539;Rua 2539;Cuiaba;MT
PREV20260331190951-2540;Cliente 2540;Rua 2540;Cuiaba;MT
PREV20260331190951-2541;Cliente 2541;Rua 2541;Cuiaba;MT
PREV20260331190951-2542;Cliente 2542;Rua 2542;Cuiaba;MT
PREV20260331190951-2543;Cliente 2543;Rua 2543;Cuiaba;MT
PREV20260331190951-2544;Cliente 2544;Rua 2544;Cuiaba;MT
PREV20260331190951-2545;Cliente 2545;Rua 2545;Cuiaba;MT
PREV20260331190951-2546;Cliente 2546;Rua 2546;Cuiaba;MT
PREV20260331190951-2547;Cliente 2547;Rua 2547;Cuiaba;MT
PREV20260331190951-2548;Cliente 2548;Rua 2548;Cuiaba;MT
PREV20260331190951-2549;Cliente 2549;Rua 2549;Cuiaba;MT
PREV20260331190951-2550;Cliente 2550;Rua 2550;Cuiaba;MT
PREV20260331190951-2551;Cliente 2551;Rua 2551;Cuiaba;MT
PREV20260331190951-2552;Cliente 2552;Rua 2552;Cuiaba;MT
PREV20260331190951-2553;Cliente 2553;Rua 2553;Cuiaba;MT
PREV20260331190951-2554;Cliente 2554;Rua 2554;Cuiaba;MT
PREV20260331190951-2555;Cliente 2555;Rua 2555;Cuiaba;MT
PREV20260331190951-2556;Cliente 2556;Rua 2556;Cuiaba;MT
PREV20260331190951-2557;Cliente 2557;Rua 2557;Cuiaba;MT
PREV20260331190951-2558;Cliente 2558;Rua 2558;Cuiaba;MT
PREV20260331190951-2559;Cliente 2559;Rua 2559;Cuiaba;MT
PREV20260331190951-2560;Cliente 2560;Rua 2560;Cuiaba;MT
PREV20260331190951-2561;Cliente 2561;Rua 2561;Cuiaba;MT
PREV20260331190951-2562;Cliente 2562;Rua 2562;Cuiaba;MT
PREV20260331190951-2563;Cliente 2563;Rua 2563;Cuiaba;MT
PREV20260331190951-2564;Cliente 2564;Rua 2564;Cuiaba;MT
PREV20260331190951-2565;Cliente 2565;Rua 2565;Cuiaba;MT
PREV20260331190951-2566;Cliente 2566;Rua 2566;Cuiaba;MT
PREV20260331190951-2567;Cliente 2567;Rua 2567;Cuiaba;MT
PREV20260331190951-2568;Cliente 2568;Rua 2568;Cuiaba;MT
PREV20260331190951-2569;Cliente 2569;Rua 2569;Cuiaba;MT
PREV20260331190951-2570;Cliente 2570;Rua 2570;Cuiaba;MT
PREV20260331190951-2571;Cliente 2571;Rua 2571;Cuiaba;MT
PREV20260331190951-2572;Cliente 2572;Rua 2572;Cuiaba;MT
PREV20260331190951-2573;Cliente 2573;Rua 2573;Cuiaba;MT
PREV20260331190951-2574;Cliente 2574;Rua 2574;Cuiaba;MT
PREV20260331190951-2575;Cliente 2575;Rua 2575;Cuiaba;MT
PREV20260331190951-2576;Cliente 2576;Rua 2576;Cuiaba;MT
PREV20260331190951-2577;Cliente 2577;Rua 2577;Cuiaba;MT
PREV20260331190951-2578;Cliente 2578;Rua 2578;Cuiaba;MT
PREV20260331190951-2579;Cliente 2579;Rua 2579;Cuiaba;MT
PREV20260331190951-2580;Cliente 2580;Rua 2580;Cuiaba;MT
PREV20260331190951-2581;Cliente 2581;Rua 2581;Cuiaba;MT
PREV20260331190951-2582;Cliente 2582;Rua 2582;Cuiaba;MT
PREV20260331190951-2583;Cliente 2583;Rua 2583;Cuiaba;MT
PREV20260331190951-2584;Cliente 2584;Rua 2584;Cuiaba;MT
PREV20260331190951-2585;Cliente 2585;Rua 2585;Cuiaba;MT
PREV20260331190951-2586;Cliente 2586;Rua 2586;Cuiaba;MT
PREV20260331190951-2587;Cliente 2587;Rua 2587;Cuiaba;MT
PREV20260331190951-2588;Cliente 2588;Rua 2588;Cuiaba;MT
PREV20260331190951-2589;Cliente 2589;Rua 2589;Cuiaba;MT
PREV20260331190951-2590;Cliente 2590;Rua 2590;Cuiaba;MT
PREV20260331190951-2591;Cliente 2591;Rua 2591;Cuiaba;MT
PREV20260331190951-2592;Cliente 2592;Rua 2592;Cuiaba;MT
PREV20260331190951-2593;Cliente 2593;Rua 2593;Cuiaba;MT
PREV20260331190951-2594;Cliente 2594;Rua 2594;Cuiaba;MT
PREV20260331190951-2595;Cliente 2595;Rua 2595;Cuiaba;MT
PREV20260331190951-2596;Cliente 2596;Rua 2596;Cuiaba;MT
PREV20260331190951-2597;Cliente 2597;Rua 2597;Cuiaba;MT
PREV20260331190951-2598;Cliente 2598;Rua 2598;Cuiaba;MT
PREV20260331190951-2599;Cliente 2599;Rua 2599;Cuiaba;MT
PREV20260331190951-2600;Cliente 2600;Rua 2600;Cuiaba;MT
PREV20260331190951-2601;Cliente 2601;Rua 2601;Cuiaba;MT
PREV20260331190951-2602;Cliente 2602;Rua 2602;Cuiaba;MT
PREV20260331190951-2603;Cliente 2603;Rua 2603;Cuiaba;MT
PREV20260331190951-2604;Cliente 2604;Rua 2604;Cuiaba;MT
PREV20260331190951-2605;Cliente 2605;Rua 2605;Cuiaba;MT
PREV20260331190951-2606;Cliente 2606;Rua 2606;Cuiaba;MT
PREV20260331190951-2607;Cliente 2607;Rua 2607;Cuiaba;MT
PREV20260331190951-2608;Cliente 2608;Rua 2608;Cuiaba;MT
PREV20260331190951-2609;Cliente 2609;Rua 2609;Cuiaba;MT
PREV20260331190951-2610;Cliente 2610;Rua 2610;Cuiaba;MT
PREV20260331190951-2611;Cliente 2611;Rua 2611;Cuiaba;MT
PREV20260331190951-2612;Cliente 2612;Rua 2612;Cuiaba;MT
PREV20260331190951-2613;Cliente 2613;Rua 2613;Cuiaba;MT
PREV20260331190951-2614;Cliente 2614;Rua 2614;Cuiaba;MT
PREV20260331190951-2615;Cliente 2615;Rua 2615;Cuiaba;MT
PREV20260331190951-2616;Cliente 2616;Rua 2616;Cuiaba;MT
PREV20260331190951-2617;Cliente 2617;Rua 2617;Cuiaba;MT
PREV20260331190951-2618;Cliente 2618;Rua 2618;Cuiaba;MT
PREV20260331190951-2619;Cliente 2619;Rua 2619;Cuiaba;MT
PREV20260331190951-2620;Cliente 2620;Rua 2620;Cuiaba;MT
PREV20260331190951-2621;Cliente 2621;Rua 2621;Cuiaba;MT
PREV20260331190951-2622;Cliente 2622;Rua 2622;Cuiaba;MT
PREV20260331190951-2623;Cliente 2623;Rua 2623;Cuiaba;MT
PREV20260331190951-2624;Cliente 2624;Rua 2624;Cuiaba;MT
PREV20260331190951-2625;Cliente 2625;Rua 2625;Cuiaba;MT
PREV20260331190951-2626;Cliente 2626;Rua 2626;Cuiaba;MT
PREV20260331190951-2627;Cliente 2627;Rua 2627;Cuiaba;MT
PREV20260331190951-2628;Cliente 2628;Rua 2628;Cuiaba;MT
PREV20260331190951-2629;Cliente 2629;Rua 2629;Cuiaba;MT
PREV20260331190951-2630;Cliente 2630;Rua 2630;Cuiaba;MT
PREV20260331190951-2631;Cliente 2631;Rua 2631;Cuiaba;MT
PREV20260331190951-2632;Cliente 2632;Rua 2632;Cuiaba;MT
PREV20260331190951-2633;Cliente 2633;Rua 2633;Cuiaba;MT
PREV20260331190951-2634;Cliente 2634;Rua 2634;Cuiaba;MT
PREV20260331190951-2635;Cliente 2635;Rua 2635;Cuiaba;MT
PREV20260331190951-2636;Cliente 2636;Rua 2636;Cuiaba;MT
PREV20260331190951-2637;Cliente 2637;Rua 2637;Cuiaba;MT
PREV20260331190951-2638;Cliente 2638;Rua 2638;Cuiaba;MT
PREV20260331190951-2639;Cliente 2639;Rua 2639;Cuiaba;MT
PREV20260331190951-2640;Cliente 2640;Rua 2640;Cuiaba;MT
PREV20260331190951-2641;Cliente 2641;Rua 2641;Cuiaba;MT
PREV20260331190951-2642;Cliente 2642;Rua 2642;Cuiaba;MT
PREV20260331190951-2643;Cliente 2643;Rua 2643;Cuiaba;MT
PREV20260331190951-2644;Cliente 2644;Rua 2644;Cuiaba;MT
PREV20260331190951-2645;Cliente 2645;Rua 2645;Cuiaba;MT
PREV20260331190951-2646;Cliente 2646;Rua 2646;Cuiaba;MT
PREV20260331190951-2647;Cliente 2647;Rua 2647;Cuiaba;MT
PREV20260331190951-2648;Cliente 2648;Rua 2648;Cuiaba;MT
PREV20260331190951-2649;Cliente 2649;Rua 2649;Cuiaba;MT
PREV20260331190951-2650;Cliente 2650;Rua 2650;Cuiaba;MT
PREV20260331190951-2651;Cliente 2651;Rua 2651;Cuiaba;MT
PREV20260331190951-2652;Cliente 2652;Rua 2652;Cuiaba;MT
PREV20260331190951-2653;Cliente 2653;Rua 2653;Cuiaba;MT
PREV20260331190951-2654;Cliente 2654;Rua 2654;Cuiaba;MT
PREV20260331190951-2655;Cliente 2655;Rua 2655;Cuiaba;MT
PREV20260331190951-2656;Cliente 2656;Rua 2656;Cuiaba;MT
PREV20260331190951-2657;Cliente 2657;Rua 2657;Cuiaba;MT
PREV20260331190951-2658;Cliente 2658;Rua 2658;Cuiaba;MT
PREV20260331190951-2659;Cliente 2659;Rua 2659;Cuiaba;MT
PREV20260331190951-2660;Cliente 2660;Rua 2660;Cuiaba;MT
PREV20260331190951-2661;Cliente 2661;Rua 2661;Cuiaba;MT
PREV20260331190951-2662;Cliente 2662;Rua 2662;Cuiaba;MT
PREV20260331190951-2663;Cliente 2663;Rua 2663;Cuiaba;MT
PREV20260331190951-2664;Cliente 2664;Rua 2664;Cuiaba;MT
PREV20260331190951-2665;Cliente 2665;Rua 2665;Cuiaba;MT
PREV20260331190951-2666;Cliente 2666;Rua 2666;Cuiaba;MT
PREV20260331190951-2667;Cliente 2667;Rua 2667;Cuiaba;MT
PREV20260331190951-2668;Cliente 2668;Rua 2668;Cuiaba;MT
PREV20260331190951-2669;Cliente 2669;Rua 2669;Cuiaba;MT
PREV20260331190951-2670;Cliente 2670;Rua 2670;Cuiaba;MT
PREV20260331190951-2671;Cliente 2671;Rua 2671;Cuiaba;MT
PREV20260331190951-2672;Cliente 2672;Rua 2672;Cuiaba;MT
PREV20260331190951-2673;Cliente 2673;Rua 2673;Cuiaba;MT
PREV20260331190951-2674;Cliente 2674;Rua 2674;Cuiaba;MT
PREV20260331190951-2675;Cliente 2675;Rua 2675;Cuiaba;MT
PREV20260331190951-2676;Cliente 2676;Rua 2676;Cuiaba;MT
PREV20260331190951-2677;Cliente 2677;Rua 2677;Cuiaba;MT
PREV20260331190951-2678;Cliente 2678;Rua 2678;Cuiaba;MT
PREV20260331190951-2679;Cliente 2679;Rua 2679;Cuiaba;MT
PREV20260331190951-2680;Cliente 2680;Rua 2680;Cuiaba;MT
PREV20260331190951-2681;Cliente 2681;Rua 2681;Cuiaba;MT
PREV20260331190951-2682;Cliente 2682;Rua 2682;Cuiaba;MT
PREV20260331190951-2683;Cliente 2683;Rua 2683;Cuiaba;MT
PREV20260331190951-2684;Cliente 2684;Rua 2684;Cuiaba;MT
PREV20260331190951-2685;Cliente 2685;Rua 2685;Cuiaba;MT
PREV20260331190951-2686;Cliente 2686;Rua 2686;Cuiaba;MT
PREV20260331190951-2687;Cliente 2687;Rua 2687;Cuiaba;MT
PREV20260331190951-2688;Cliente 2688;Rua 2688;Cuiaba;MT
PREV20260331190951-2689;Cliente 2689;Rua 2689;Cuiaba;MT
PREV20260331190951-2690;Cliente 2690;Rua 2690;Cuiaba;MT
PREV20260331190951-2691;Cliente 2691;Rua 2691;Cuiaba;MT
PREV20260331190951-2692;Cliente 2692;Rua 2692;Cuiaba;MT
PREV20260331190951-2693;Cliente 2693;Rua 2693;Cuiaba;MT
PREV20260331190951-2694;Cliente 2694;Rua 2694;Cuiaba;MT
PREV20260331190951-2695;Cliente 2695;Rua 2695;Cuiaba;MT
PREV20260331190951-2696;Cliente 2696;Rua 2696;Cuiaba;MT
PREV20260331190951-2697;Cliente 2697;Rua 2697;Cuiaba;MT
PREV20260331190951-2698;Cliente 2698;Rua 2698;Cuiaba;MT
PREV20260331190951-2699;Cliente 2699;Rua 2699;Cuiaba;MT
PREV20260331190951-2700;Cliente 2700;Rua 2700;Cuiaba;MT
PREV20260331190951-2701;Cliente 2701;Rua 2701;Cuiaba;MT
PREV20260331190951-2702;Cliente 2702;Rua 2702;Cuiaba;MT
PREV20260331190951-2703;Cliente 2703;Rua 2703;Cuiaba;MT
PREV20260331190951-2704;Cliente 2704;Rua 2704;Cuiaba;MT
PREV20260331190951-2705;Cliente 2705;Rua 2705;Cuiaba;MT
PREV20260331190951-2706;Cliente 2706;Rua 2706;Cuiaba;MT
PREV20260331190951-2707;Cliente 2707;Rua 2707;Cuiaba;MT
PREV20260331190951-2708;Cliente 2708;Rua 2708;Cuiaba;MT
PREV20260331190951-2709;Cliente 2709;Rua 2709;Cuiaba;MT
PREV20260331190951-2710;Cliente 2710;Rua 2710;Cuiaba;MT
PREV20260331190951-2711;Cliente 2711;Rua 2711;Cuiaba;MT
PREV20260331190951-2712;Cliente 2712;Rua 2712;Cuiaba;MT
PREV20260331190951-2713;Cliente 2713;Rua 2713;Cuiaba;MT
PREV20260331190951-2714;Cliente 2714;Rua 2714;Cuiaba;MT
PREV20260331190951-2715;Cliente 2715;Rua 2715;Cuiaba;MT
PREV20260331190951-2716;Cliente 2716;Rua 2716;Cuiaba;MT
PREV20260331190951-2717;Cliente 2717;Rua 2717;Cuiaba;MT
PREV20260331190951-2718;Cliente 2718;Rua 2718;Cuiaba;MT
PREV20260331190951-2719;Cliente 2719;Rua 2719;Cuiaba;MT
PREV20260331190951-2720;Cliente 2720;Rua 2720;Cuiaba;MT
PREV20260331190951-2721;Cliente 2721;Rua 2721;Cuiaba;MT
PREV20260331190951-2722;Cliente 2722;Rua 2722;Cuiaba;MT
PREV20260331190951-2723;Cliente 2723;Rua 2723;Cuiaba;MT
PREV20260331190951-2724;Cliente 2724;Rua 2724;Cuiaba;MT
PREV20260331190951-2725;Cliente 2725;Rua 2725;Cuiaba;MT
PREV20260331190951-2726;Cliente 2726;Rua 2726;Cuiaba;MT
PREV20260331190951-2727;Cliente 2727;Rua 2727;Cuiaba;MT
PREV20260331190951-2728;Cliente 2728;Rua 2728;Cuiaba;MT
PREV20260331190951-2729;Cliente 2729;Rua 2729;Cuiaba;MT
PREV20260331190951-2730;Cliente 2730;Rua 2730;Cuiaba;MT
PREV20260331190951-2731;Cliente 2731;Rua 2731;Cuiaba;MT
PREV20260331190951-2732;Cliente 2732;Rua 2732;Cuiaba;MT
PREV20260331190951-2733;Cliente 2733;Rua 2733;Cuiaba;MT
PREV20260331190951-2734;Cliente 2734;Rua 2734;Cuiaba;MT
PREV20260331190951-2735;Cliente 2735;Rua 2735;Cuiaba;MT
PREV20260331190951-2736;Cliente 2736;Rua 2736;Cuiaba;MT
PREV20260331190951-2737;Cliente 2737;Rua 2737;Cuiaba;MT
PREV20260331190951-2738;Cliente 2738;Rua 2738;Cuiaba;MT
PREV20260331190951-2739;Cliente 2739;Rua 2739;Cuiaba;MT
PREV20260331190951-2740;Cliente 2740;Rua 2740;Cuiaba;MT
PREV20260331190951-2741;Cliente 2741;Rua 2741;Cuiaba;MT
PREV20260331190951-2742;Cliente 2742;Rua 2742;Cuiaba;MT
PREV20260331190951-2743;Cliente 2743;Rua 2743;Cuiaba;MT
PREV20260331190951-2744;Cliente 2744;Rua 2744;Cuiaba;MT
PREV20260331190951-2745;Cliente 2745;Rua 2745;Cuiaba;MT
PREV20260331190951-2746;Cliente 2746;Rua 2746;Cuiaba;MT
PREV20260331190951-2747;Cliente 2747;Rua 2747;Cuiaba;MT
PREV20260331190951-2748;Cliente 2748;Rua 2748;Cuiaba;MT
PREV20260331190951-2749;Cliente 2749;Rua 2749;Cuiaba;MT
PREV20260331190951-2750;Cliente 2750;Rua 2750;Cuiaba;MT
PREV20260331190951-2751;Cliente 2751;Rua 2751;Cuiaba;MT
PREV20260331190951-2752;Cliente 2752;Rua 2752;Cuiaba;MT
PREV20260331190951-2753;Cliente 2753;Rua 2753;Cuiaba;MT
PREV20260331190951-2754;Cliente 2754;Rua 2754;Cuiaba;MT
PREV20260331190951-2755;Cliente 2755;Rua 2755;Cuiaba;MT
PREV20260331190951-2756;Cliente 2756;Rua 2756;Cuiaba;MT
PREV20260331190951-2757;Cliente 2757;Rua 2757;Cuiaba;MT
PREV20260331190951-2758;Cliente 2758;Rua 2758;Cuiaba;MT
PREV20260331190951-2759;Cliente 2759;Rua 2759;Cuiaba;MT
PREV20260331190951-2760;Cliente 2760;Rua 2760;Cuiaba;MT
PREV20260331190951-2761;Cliente 2761;Rua 2761;Cuiaba;MT
PREV20260331190951-2762;Cliente 2762;Rua 2762;Cuiaba;MT
PREV20260331190951-2763;Cliente 2763;Rua 2763;Cuiaba;MT
PREV20260331190951-2764;Cliente 2764;Rua 2764;Cuiaba;MT
PREV20260331190951-2765;Cliente 2765;Rua 2765;Cuiaba;MT
PREV20260331190951-2766;Cliente 2766;Rua 2766;Cuiaba;MT
PREV20260331190951-2767;Cliente 2767;Rua 2767;Cuiaba;MT
PREV20260331190951-2768;Cliente 2768;Rua 2768;Cuiaba;MT
PREV20260331190951-2769;Cliente 2769;Rua 2769;Cuiaba;MT
PREV20260331190951-2770;Cliente 2770;Rua 2770;Cuiaba;MT
PREV20260331190951-2771;Cliente 2771;Rua 2771;Cuiaba;MT
PREV20260331190951-2772;Cliente 2772;Rua 2772;Cuiaba;MT
PREV20260331190951-2773;Cliente 2773;Rua 2773;Cuiaba;MT
PREV20260331190951-2774;Cliente 2774;Rua 2774;Cuiaba;MT
PREV20260331190951-2775;Cliente 2775;Rua 2775;Cuiaba;MT
PREV20260331190951-2776;Cliente 2776;Rua 2776;Cuiaba;MT
PREV20260331190951-2777;Cliente 2777;Rua 2777;Cuiaba;MT
PREV20260331190951-2778;Cliente 2778;Rua 2778;Cuiaba;MT
PREV20260331190951-2779;Cliente 2779;Rua 2779;Cuiaba;MT
PREV20260331190951-2780;Cliente 2780;Rua 2780;Cuiaba;MT
PREV20260331190951-2781;Cliente 2781;Rua 2781;Cuiaba;MT
PREV20260331190951-2782;Cliente 2782;Rua 2782;Cuiaba;MT
PREV20260331190951-2783;Cliente 2783;Rua 2783;Cuiaba;MT
PREV20260331190951-2784;Cliente 2784;Rua 2784;Cuiaba;MT
PREV20260331190951-2785;Cliente 2785;Rua 2785;Cuiaba;MT
PREV20260331190951-2786;Cliente 2786;Rua 2786;Cuiaba;MT
PREV20260331190951-2787;Cliente 2787;Rua 2787;Cuiaba;MT
PREV20260331190951-2788;Cliente 2788;Rua 2788;Cuiaba;MT
PREV20260331190951-2789;Cliente 2789;Rua 2789;Cuiaba;MT
PREV20260331190951-2790;Cliente 2790;Rua 2790;Cuiaba;MT
PREV20260331190951-2791;Cliente 2791;Rua 2791;Cuiaba;MT
PREV20260331190951-2792;Cliente 2792;Rua 2792;Cuiaba;MT
PREV20260331190951-2793;Cliente 2793;Rua 2793;Cuiaba;MT
PREV20260331190951-2794;Cliente 2794;Rua 2794;Cuiaba;MT
PREV20260331190951-2795;Cliente 2795;Rua 2795;Cuiaba;MT
PREV20260331190951-2796;Cliente 2796;Rua 2796;Cuiaba;MT
PREV20260331190951-2797;Cliente 2797;Rua 2797;Cuiaba;MT
PREV20260331190951-2798;Cliente 2798;Rua 2798;Cuiaba;MT
PREV20260331190951-2799;Cliente 2799;Rua 2799;Cuiaba;MT
PREV20260331190951-2800;Cliente 2800;Rua 2800;Cuiaba;MT
PREV20260331190951-2801;Cliente 2801;Rua 2801;Cuiaba;MT
PREV20260331190951-2802;Cliente 2802;Rua 2802;Cuiaba;MT
PREV20260331190951-2803;Cliente 2803;Rua 2803;Cuiaba;MT
PREV20260331190951-2804;Cliente 2804;Rua 2804;Cuiaba;MT
PREV20260331190951-2805;Cliente 2805;Rua 2805;Cuiaba;MT
PREV20260331190951-2806;Cliente 2806;Rua 2806;Cuiaba;MT
PREV20260331190951-2807;Cliente 2807;Rua 2807;Cuiaba;MT
PREV20260331190951-2808;Cliente 2808;Rua 2808;Cuiaba;MT
PREV20260331190951-2809;Cliente 2809;Rua 2809;Cuiaba;MT
PREV20260331190951-2810;Cliente 2810;Rua 2810;Cuiaba;MT
PREV20260331190951-2811;Cliente 2811;Rua 2811;Cuiaba;MT
PREV20260331190951-2812;Cliente 2812;Rua 2812;Cuiaba;MT
PREV20260331190951-2813;Cliente 2813;Rua 2813;Cuiaba;MT
PREV20260331190951-2814;Cliente 2814;Rua 2814;Cuiaba;MT
PREV20260331190951-2815;Cliente 2815;Rua 2815;Cuiaba;MT
PREV20260331190951-2816;Cliente 2816;Rua 2816;Cuiaba;MT
PREV20260331190951-2817;Cliente 2817;Rua 2817;Cuiaba;MT
PREV20260331190951-2818;Cliente 2818;Rua 2818;Cuiaba;MT
PREV20260331190951-2819;Cliente 2819;Rua 2819;Cuiaba;MT
PREV20260331190951-2820;Cliente 2820;Rua 2820;Cuiaba;MT
PREV20260331190951-2821;Cliente 2821;Rua 2821;Cuiaba;MT
PREV20260331190951-2822;Cliente 2822;Rua 2822;Cuiaba;MT
PREV20260331190951-2823;Cliente 2823;Rua 2823;Cuiaba;MT
PREV20260331190951-2824;Cliente 2824;Rua 2824;Cuiaba;MT
PREV20260331190951-2825;Cliente 2825;Rua 2825;Cuiaba;MT
PREV20260331190951-2826;Cliente 2826;Rua 2826;Cuiaba;MT
PREV20260331190951-2827;Cliente 2827;Rua 2827;Cuiaba;MT
PREV20260331190951-2828;Cliente 2828;Rua 2828;Cuiaba;MT
PREV20260331190951-2829;Cliente 2829;Rua 2829;Cuiaba;MT
PREV20260331190951-2830;Cliente 2830;Rua 2830;Cuiaba;MT
PREV20260331190951-2831;Cliente 2831;Rua 2831;Cuiaba;MT
PREV20260331190951-2832;Cliente 2832;Rua 2832;Cuiaba;MT
PREV20260331190951-2833;Cliente 2833;Rua 2833;Cuiaba;MT
PREV20260331190951-2834;Cliente 2834;Rua 2834;Cuiaba;MT
PREV20260331190951-2835;Cliente 2835;Rua 2835;Cuiaba;MT
PREV20260331190951-2836;Cliente 2836;Rua 2836;Cuiaba;MT
PREV20260331190951-2837;Cliente 2837;Rua 2837;Cuiaba;MT
PREV20260331190951-2838;Cliente 2838;Rua 2838;Cuiaba;MT
PREV20260331190951-2839;Cliente 2839;Rua 2839;Cuiaba;MT
PREV20260331190951-2840;Cliente 2840;Rua 2840;Cuiaba;MT
PREV20260331190951-2841;Cliente 2841;Rua 2841;Cuiaba;MT
PREV20260331190951-2842;Cliente 2842;Rua 2842;Cuiaba;MT
PREV20260331190951-2843;Cliente 2843;Rua 2843;Cuiaba;MT
PREV20260331190951-2844;Cliente 2844;Rua 2844;Cuiaba;MT
PREV20260331190951-2845;Cliente 2845;Rua 2845;Cuiaba;MT
PREV20260331190951-2846;Cliente 2846;Rua 2846;Cuiaba;MT
PREV20260331190951-2847;Cliente 2847;Rua 2847;Cuiaba;MT
PREV20260331190951-2848;Cliente 2848;Rua 2848;Cuiaba;MT
PREV20260331190951-2849;Cliente 2849;Rua 2849;Cuiaba;MT
PREV20260331190951-2850;Cliente 2850;Rua 2850;Cuiaba;MT
PREV20260331190951-2851;Cliente 2851;Rua 2851;Cuiaba;MT
PREV20260331190951-2852;Cliente 2852;Rua 2852;Cuiaba;MT
PREV20260331190951-2853;Cliente 2853;Rua 2853;Cuiaba;MT
PREV20260331190951-2854;Cliente 2854;Rua 2854;Cuiaba;MT
PREV20260331190951-2855;Cliente 2855;Rua 2855;Cuiaba;MT
PREV20260331190951-2856;Cliente 2856;Rua 2856;Cuiaba;MT
PREV20260331190951-2857;Cliente 2857;Rua 2857;Cuiaba;MT
PREV20260331190951-2858;Cliente 2858;Rua 2858;Cuiaba;MT
PREV20260331190951-2859;Cliente 2859;Rua 2859;Cuiaba;MT
PREV20260331190951-2860;Cliente 2860;Rua 2860;Cuiaba;MT
PREV20260331190951-2861;Cliente 2861;Rua 2861;Cuiaba;MT
PREV20260331190951-2862;Cliente 2862;Rua 2862;Cuiaba;MT
PREV20260331190951-2863;Cliente 2863;Rua 2863;Cuiaba;MT
PREV20260331190951-2864;Cliente 2864;Rua 2864;Cuiaba;MT
PREV20260331190951-2865;Cliente 2865;Rua 2865;Cuiaba;MT
PREV20260331190951-2866;Cliente 2866;Rua 2866;Cuiaba;MT
PREV20260331190951-2867;Cliente 2867;Rua 2867;Cuiaba;MT
PREV20260331190951-2868;Cliente 2868;Rua 2868;Cuiaba;MT
PREV20260331190951-2869;Cliente 2869;Rua 2869;Cuiaba;MT
PREV20260331190951-2870;Cliente 2870;Rua 2870;Cuiaba;MT
PREV20260331190951-2871;Cliente 2871;Rua 2871;Cuiaba;MT
PREV20260331190951-2872;Cliente 2872;Rua 2872;Cuiaba;MT
PREV20260331190951-2873;Cliente 2873;Rua 2873;Cuiaba;MT
PREV20260331190951-2874;Cliente 2874;Rua 2874;Cuiaba;MT
PREV20260331190951-2875;Cliente 2875;Rua 2875;Cuiaba;MT
PREV20260331190951-2876;Cliente 2876;Rua 2876;Cuiaba;MT
PREV20260331190951-2877;Cliente 2877;Rua 2877;Cuiaba;MT
PREV20260331190951-2878;Cliente 2878;Rua 2878;Cuiaba;MT
PREV20260331190951-2879;Cliente 2879;Rua 2879;Cuiaba;MT
PREV20260331190951-2880;Cliente 2880;Rua 2880;Cuiaba;MT
PREV20260331190951-2881;Cliente 2881;Rua 2881;Cuiaba;MT
PREV20260331190951-2882;Cliente 2882;Rua 2882;Cuiaba;MT
PREV20260331190951-2883;Cliente 2883;Rua 2883;Cuiaba;MT
PREV20260331190951-2884;Cliente 2884;Rua 2884;Cuiaba;MT
PREV20260331190951-2885;Cliente 2885;Rua 2885;Cuiaba;MT
PREV20260331190951-2886;Cliente 2886;Rua 2886;Cuiaba;MT
PREV20260331190951-2887;Cliente 2887;Rua 2887;Cuiaba;MT
PREV20260331190951-2888;Cliente 2888;Rua 2888;Cuiaba;MT
PREV20260331190951-2889;Cliente 2889;Rua 2889;Cuiaba;MT
PREV20260331190951-2890;Cliente 2890;Rua 2890;Cuiaba;MT
PREV20260331190951-2891;Cliente 2891;Rua 2891;Cuiaba;MT
PREV20260331190951-2892;Cliente 2892;Rua 2892;Cuiaba;MT
PREV20260331190951-2893;Cliente 2893;Rua 2893;Cuiaba;MT
PREV20260331190951-2894;Cliente 2894;Rua 2894;Cuiaba;MT
PREV20260331190951-2895;Cliente 2895;Rua 2895;Cuiaba;MT
PREV20260331190951-2896;Cliente 2896;Rua 2896;Cuiaba;MT
PREV20260331190951-2897;Cliente 2897;Rua 2897;Cuiaba;MT
PREV20260331190951-2898;Cliente 2898;Rua 2898;Cuiaba;MT
PREV20260331190951-2899;Cliente 2899;Rua 2899;Cuiaba;MT
PREV20260331190951-2900;Cliente 2900;Rua 2900;Cuiaba;MT
PREV20260331190951-2901;Cliente 2901;Rua 2901;Cuiaba;MT
PREV20260331190951-2902;Cliente 2902;Rua 2902;Cuiaba;MT
PREV20260331190951-2903;Cliente 2903;Rua 2903;Cuiaba;MT
PREV20260331190951-2904;Cliente 2904;Rua 2904;Cuiaba;MT
PREV20260331190951-2905;Cliente 2905;Rua 2905;Cuiaba;MT
PREV20260331190951-2906;Cliente 2906;Rua 2906;Cuiaba;MT
PREV20260331190951-2907;Cliente 2907;Rua 2907;Cuiaba;MT
PREV20260331190951-2908;Cliente 2908;Rua 2908;Cuiaba;MT
PREV20260331190951-2909;Cliente 2909;Rua 2909;Cuiaba;MT
PREV20260331190951-2910;Cliente 2910;Rua 2910;Cuiaba;MT
PREV20260331190951-2911;Cliente 2911;Rua 2911;Cuiaba;MT
PREV20260331190951-2912;Cliente 2912;Rua 2912;Cuiaba;MT
PREV20260331190951-2913;Cliente 2913;Rua 2913;Cuiaba;MT
PREV20260331190951-2914;Cliente 2914;Rua 2914;Cuiaba;MT
PREV20260331190951-2915;Cliente 2915;Rua 2915;Cuiaba;MT
PREV20260331190951-2916;Cliente 2916;Rua 2916;Cuiaba;MT
PREV20260331190951-2917;Cliente 2917;Rua 2917;Cuiaba;MT
PREV20260331190951-2918;Cliente 2918;Rua 2918;Cuiaba;MT
PREV20260331190951-2919;Cliente 2919;Rua 2919;Cuiaba;MT
PREV20260331190951-2920;Cliente 2920;Rua 2920;Cuiaba;MT
PREV20260331190951-2921;Cliente 2921;Rua 2921;Cuiaba;MT
PREV20260331190951-2922;Cliente 2922;Rua 2922;Cuiaba;MT
PREV20260331190951-2923;Cliente 2923;Rua 2923;Cuiaba;MT
PREV20260331190951-2924;Cliente 2924;Rua 2924;Cuiaba;MT
PREV20260331190951-2925;Cliente 2925;Rua 2925;Cuiaba;MT
PREV20260331190951-2926;Cliente 2926;Rua 2926;Cuiaba;MT
PREV20260331190951-2927;Cliente 2927;Rua 2927;Cuiaba;MT
PREV20260331190951-2928;Cliente 2928;Rua 2928;Cuiaba;MT
PREV20260331190951-2929;Cliente 2929;Rua 2929;Cuiaba;MT
PREV20260331190951-2930;Cliente 2930;Rua 2930;Cuiaba;MT
PREV20260331190951-2931;Cliente 2931;Rua 2931;Cuiaba;MT
PREV20260331190951-2932;Cliente 2932;Rua 2932;Cuiaba;MT
PREV20260331190951-2933;Cliente 2933;Rua 2933;Cuiaba;MT
PREV20260331190951-2934;Cliente 2934;Rua 2934;Cuiaba;MT
PREV20260331190951-2935;Cliente 2935;Rua 2935;Cuiaba;MT
PREV20260331190951-2936;Cliente 2936;Rua 2936;Cuiaba;MT
PREV20260331190951-2937;Cliente 2937;Rua 2937;Cuiaba;MT
PREV20260331190951-2938;Cliente 2938;Rua 2938;Cuiaba;MT
PREV20260331190951-2939;Cliente 2939;Rua 2939;Cuiaba;MT
PREV20260331190951-2940;Cliente 2940;Rua 2940;Cuiaba;MT
PREV20260331190951-2941;Cliente 2941;Rua 2941;Cuiaba;MT
PREV20260331190951-2942;Cliente 2942;Rua 2942;Cuiaba;MT
PREV20260331190951-2943;Cliente 2943;Rua 2943;Cuiaba;MT
PREV20260331190951-2944;Cliente 2944;Rua 2944;Cuiaba;MT
PREV20260331190951-2945;Cliente 2945;Rua 2945;Cuiaba;MT
PREV20260331190951-2946;Cliente 2946;Rua 2946;Cuiaba;MT
PREV20260331190951-2947;Cliente 2947;Rua 2947;Cuiaba;MT
PREV20260331190951-2948;Cliente 2948;Rua 2948;Cuiaba;MT
PREV20260331190951-2949;Cliente 2949;Rua 2949;Cuiaba;MT
PREV20260331190951-2950;Cliente 2950;Rua 2950;Cuiaba;MT
PREV20260331190951-2951;Cliente 2951;Rua 2951;Cuiaba;MT
PREV20260331190951-2952;Cliente 2952;Rua 2952;Cuiaba;MT
PREV20260331190951-2953;Cliente 2953;Rua 2953;Cuiaba;MT
PREV20260331190951-2954;Cliente 2954;Rua 2954;Cuiaba;MT
PREV20260331190951-2955;Cliente 2955;Rua 2955;Cuiaba;MT
PREV20260331190951-2956;Cliente 2956;Rua 2956;Cuiaba;MT
PREV20260331190951-2957;Cliente 2957;Rua 2957;Cuiaba;MT
PREV20260331190951-2958;Cliente 2958;Rua 2958;Cuiaba;MT
PREV20260331190951-2959;Cliente 2959;Rua 2959;Cuiaba;MT
PREV20260331190951-2960;Cliente 2960;Rua 2960;Cuiaba;MT
PREV20260331190951-2961;Cliente 2961;Rua 2961;Cuiaba;MT
PREV20260331190951-2962;Cliente 2962;Rua 2962;Cuiaba;MT
PREV20260331190951-2963;Cliente 2963;Rua 2963;Cuiaba;MT
PREV20260331190951-2964;Cliente 2964;Rua 2964;Cuiaba;MT
PREV20260331190951-2965;Cliente 2965;Rua 2965;Cuiaba;MT
PREV20260331190951-2966;Cliente 2966;Rua 2966;Cuiaba;MT
PREV20260331190951-2967;Cliente 2967;Rua 2967;Cuiaba;MT
PREV20260331190951-2968;Cliente 2968;Rua 2968;Cuiaba;MT
PREV20260331190951-2969;Cliente 2969;Rua 2969;Cuiaba;MT
PREV20260331190951-2970;Cliente 2970;Rua 2970;Cuiaba;MT
PREV20260331190951-2971;Cliente 2971;Rua 2971;Cuiaba;MT
PREV20260331190951-2972;Cliente 2972;Rua 2972;Cuiaba;MT
PREV20260331190951-2973;Cliente 2973;Rua 2973;Cuiaba;MT
PREV20260331190951-2974;Cliente 2974;Rua 2974;Cuiaba;MT
PREV20260331190951-2975;Cliente 2975;Rua 2975;Cuiaba;MT
PREV20260331190951-2976;Cliente 2976;Rua 2976;Cuiaba;MT
PREV20260331190951-2977;Cliente 2977;Rua 2977;Cuiaba;MT
PREV20260331190951-2978;Cliente 2978;Rua 2978;Cuiaba;MT
PREV20260331190951-2979;Cliente 2979;Rua 2979;Cuiaba;MT
PREV20260331190951-2980;Cliente 2980;Rua 2980;Cuiaba;MT
PREV20260331190951-2981;Cliente 2981;Rua 2981;Cuiaba;MT
PREV20260331190951-2982;Cliente 2982;Rua 2982;Cuiaba;MT
PREV20260331190951-2983;Cliente 2983;Rua 2983;Cuiaba;MT
PREV20260331190951-2984;Cliente 2984;Rua 2984;Cuiaba;MT
PREV20260331190951-2985;Cliente 2985;Rua 2985;Cuiaba;MT
PREV20260331190951-2986;Cliente 2986;Rua 2986;Cuiaba;MT
PREV20260331190951-2987;Cliente 2987;Rua 2987;Cuiaba;MT
PREV20260331190951-2988;Cliente 2988;Rua 2988;Cuiaba;MT
PREV20260331190951-2989;Cliente 2989;Rua 2989;Cuiaba;MT
PREV20260331190951-2990;Cliente 2990;Rua 2990;Cuiaba;MT
PREV20260331190951-2991;Cliente 2991;Rua 2991;Cuiaba;MT
PREV20260331190951-2992;Cliente 2992;Rua 2992;Cuiaba;MT
PREV20260331190951-2993;Cliente 2993;Rua 2993;Cuiaba;MT
PREV20260331190951-2994;Cliente 2994;Rua 2994;Cuiaba;MT
PREV20260331190951-2995;Cliente 2995;Rua 2995;Cuiaba;MT
PREV20260331190951-2996;Cliente 2996;Rua 2996;Cuiaba;MT
PREV20260331190951-2997;Cliente 2997;Rua 2997;Cuiaba;MT
PREV20260331190951-2998;Cliente 2998;Rua 2998;Cuiaba;MT
PREV20260331190951-2999;Cliente 2999;Rua 2999;Cuiaba;MT
PREV20260331190951-3000;Cliente 3000;Rua 3000;Cuiaba;MT
PREV20260331190951-3001;Cliente 3001;Rua 3001;Cuiaba;MT
PREV20260331190951-3002;Cliente 3002;Rua 3002;Cuiaba;MT
PREV20260331190951-3003;Cliente 3003;Rua 3003;Cuiaba;MT
PREV20260331190951-3004;Cliente 3004;Rua 3004;Cuiaba;MT
PREV20260331190951-3005;Cliente 3005;Rua 3005;Cuiaba;MT
PREV20260331190951-3006;Cliente 3006;Rua 3006;Cuiaba;MT
PREV20260331190951-3007;Cliente 3007;Rua 3007;Cuiaba;MT
PREV20260331190951-3008;Cliente 3008;Rua 3008;Cuiaba;MT
PREV20260331190951-3009;Cliente 3009;Rua 3009;Cuiaba;MT
PREV20260331190951-3010;Cliente 3010;Rua 3010;Cuiaba;MT
PREV20260331190951-3011;Cliente 3011;Rua 3011;Cuiaba;MT
PREV20260331190951-3012;Cliente 3012;Rua 3012;Cuiaba;MT
PREV20260331190951-3013;Cliente 3013;Rua 3013;Cuiaba;MT
PREV20260331190951-3014;Cliente 3014;Rua 3014;Cuiaba;MT
PREV20260331190951-3015;Cliente 3015;Rua 3015;Cuiaba;MT
PREV20260331190951-3016;Cliente 3016;Rua 3016;Cuiaba;MT
PREV20260331190951-3017;Cliente 3017;Rua 3017;Cuiaba;MT
PREV20260331190951-3018;Cliente 3018;Rua 3018;Cuiaba;MT
PREV20260331190951-3019;Cliente 3019;Rua 3019;Cuiaba;MT
PREV20260331190951-3020;Cliente 3020;Rua 3020;Cuiaba;MT
PREV20260331190951-3021;Cliente 3021;Rua 3021;Cuiaba;MT
PREV20260331190951-3022;Cliente 3022;Rua 3022;Cuiaba;MT
PREV20260331190951-3023;Cliente 3023;Rua 3023;Cuiaba;MT
PREV20260331190951-3024;Cliente 3024;Rua 3024;Cuiaba;MT
PREV20260331190951-3025;Cliente 3025;Rua 3025;Cuiaba;MT
PREV20260331190951-3026;Cliente 3026;Rua 3026;Cuiaba;MT
PREV20260331190951-3027;Cliente 3027;Rua 3027;Cuiaba;MT
PREV20260331190951-3028;Cliente 3028;Rua 3028;Cuiaba;MT
PREV20260331190951-3029;Cliente 3029;Rua 3029;Cuiaba;MT
PREV20260331190951-3030;Cliente 3030;Rua 3030;Cuiaba;MT
PREV20260331190951-3031;Cliente 3031;Rua 3031;Cuiaba;MT
PREV20260331190951-3032;Cliente 3032;Rua 3032;Cuiaba;MT
PREV20260331190951-3033;Cliente 3033;Rua 3033;Cuiaba;MT
PREV20260331190951-3034;Cliente 3034;Rua 3034;Cuiaba;MT
PREV20260331190951-3035;Cliente 3035;Rua 3035;Cuiaba;MT
PREV20260331190951-3036;Cliente 3036;Rua 3036;Cuiaba;MT
PREV20260331190951-3037;Cliente 3037;Rua 3037;Cuiaba;MT
PREV20260331190951-3038;Cliente 3038;Rua 3038;Cuiaba;MT
PREV20260331190951-3039;Cliente 3039;Rua 3039;Cuiaba;MT
PREV20260331190951-3040;Cliente 3040;Rua 3040;Cuiaba;MT
PREV20260331190951-3041;Cliente 3041;Rua 3041;Cuiaba;MT
PREV20260331190951-3042;Cliente 3042;Rua 3042;Cuiaba;MT
PREV20260331190951-3043;Cliente 3043;Rua 3043;Cuiaba;MT
PREV20260331190951-3044;Cliente 3044;Rua 3044;Cuiaba;MT
PREV20260331190951-3045;Cliente 3045;Rua 3045;Cuiaba;MT
PREV20260331190951-3046;Cliente 3046;Rua 3046;Cuiaba;MT
PREV20260331190951-3047;Cliente 3047;Rua 3047;Cuiaba;MT
PREV20260331190951-3048;Cliente 3048;Rua 3048;Cuiaba;MT
PREV20260331190951-3049;Cliente 3049;Rua 3049;Cuiaba;MT
PREV20260331190951-3050;Cliente 3050;Rua 3050;Cuiaba;MT
PREV20260331190951-3051;Cliente 3051;Rua 3051;Cuiaba;MT
PREV20260331190951-3052;Cliente 3052;Rua 3052;Cuiaba;MT
PREV20260331190951-3053;Cliente 3053;Rua 3053;Cuiaba;MT
PREV20260331190951-3054;Cliente 3054;Rua 3054;Cuiaba;MT
PREV20260331190951-3055;Cliente 3055;Rua 3055;Cuiaba;MT
PREV20260331190951-3056;Cliente 3056;Rua 3056;Cuiaba;MT
PREV20260331190951-3057;Cliente 3057;Rua 3057;Cuiaba;MT
PREV20260331190951-3058;Cliente 3058;Rua 3058;Cuiaba;MT
PREV20260331190951-3059;Cliente 3059;Rua 3059;Cuiaba;MT
